,D_eff_n_c,data_fname,D_eff,p0,v0,replicate,f,t0,tmax,dt,n_t,a,k,J,L
0,7,p03.50_v06.00e-03_rep0.npy,0.007509376801964311,3.5,0.006,0,200,0,4,0.025,32001,0.4,2,0.0,10
1,19,p03.50_v06.00e-03_rep0.npy,0.007835696063314877,3.5,0.006,0,200,0,4,0.025,32001,0.4,2,0.0,10
2,37,p03.50_v06.00e-03_rep0.npy,0.009572773059416149,3.5,0.006,0,200,0,4,0.025,32001,0.4,2,0.0,10
3,7,p03.50_v01.00e-02_rep0.npy,0.008068814873695377,3.5,0.01,0,200,0,4,0.025,32001,0.4,2,0.0,10
4,19,p03.50_v01.00e-02_rep0.npy,0.008352787233889105,3.5,0.01,0,200,0,4,0.025,32001,0.4,2,0.0,10
5,37,p03.50_v01.00e-02_rep0.npy,0.009877953678369527,3.5,0.01,0,200,0,4,0.025,32001,0.4,2,0.0,10
6,7,p03.50_v03.00e-02_rep0.npy,0.011803599695364634,3.5,0.03,0,200,0,4,0.025,32001,0.4,2,0.0,10
7,19,p03.50_v03.00e-02_rep0.npy,0.013834327459335329,3.5,0.03,0,200,0,4,0.025,32001,0.4,2,0.0,10
8,37,p03.50_v03.00e-02_rep0.npy,0.014444265100691054,3.5,0.03,0,200,0,4,0.025,32001,0.4,2,0.0,10
9,7,p03.50_v01.40e-02_rep0.npy,0.008846782337950203,3.5,0.014,0,200,0,4,0.025,32001,0.4,2,0.0,10
10,19,p03.50_v01.40e-02_rep0.npy,0.008963083620278206,3.5,0.014,0,200,0,4,0.025,32001,0.4,2,0.0,10
11,37,p03.50_v01.40e-02_rep0.npy,0.010346189825510495,3.5,0.014,0,200,0,4,0.025,32001,0.4,2,0.0,10
12,7,p03.50_v01.80e-02_rep0.npy,0.00970650372313865,3.5,0.018,0,200,0,4,0.025,32001,0.4,2,0.0,10
13,19,p03.50_v01.80e-02_rep0.npy,0.009516893345632677,3.5,0.018,0,200,0,4,0.025,32001,0.4,2,0.0,10
14,37,p03.50_v01.80e-02_rep0.npy,0.010993796182267463,3.5,0.018,0,200,0,4,0.025,32001,0.4,2,0.0,10
15,7,p03.50_v02.60e-02_rep0.npy,0.009311995739062159,3.5,0.026,0,200,0,4,0.025,32001,0.4,2,0.0,10
16,19,p03.50_v02.60e-02_rep0.npy,0.009522847169955106,3.5,0.026,0,200,0,4,0.025,32001,0.4,2,0.0,10
17,37,p03.50_v02.60e-02_rep0.npy,0.011243862954117143,3.5,0.026,0,200,0,4,0.025,32001,0.4,2,0.0,10
18,7,p03.50_v02.20e-02_rep0.npy,0.010113209516795214,3.5,0.022,0,200,0,4,0.025,32001,0.4,2,0.0,10
19,19,p03.50_v02.20e-02_rep0.npy,0.009744535084844623,3.5,0.022,0,200,0,4,0.025,32001,0.4,2,0.0,10
20,37,p03.50_v02.20e-02_rep0.npy,0.011081763443129123,3.5,0.022,0,200,0,4,0.025,32001,0.4,2,0.0,10
21,7,p03.50_v02.00e-03_rep0.npy,0.007616893708473071,3.5,0.002,0,200,0,4,0.025,32001,0.4,2,0.0,10
22,19,p03.50_v02.00e-03_rep0.npy,0.007945755351101981,3.5,0.002,0,200,0,4,0.025,32001,0.4,2,0.0,10
23,37,p03.50_v02.00e-03_rep0.npy,0.009728025179356337,3.5,0.002,0,200,0,4,0.025,32001,0.4,2,0.0,10
24,7,p03.54_v01.80e-02_rep0.npy,0.011506923876794773,3.54,0.018,0,200,0,4,0.025,32001,0.4,2,0.0,10
25,19,p03.54_v01.80e-02_rep0.npy,0.012012442320953186,3.54,0.018,0,200,0,4,0.025,32001,0.4,2,0.0,10
26,37,p03.54_v01.80e-02_rep0.npy,0.009679418333150726,3.54,0.018,0,200,0,4,0.025,32001,0.4,2,0.0,10
27,7,p03.54_v01.40e-02_rep0.npy,0.013326945695645959,3.54,0.014,0,200,0,4,0.025,32001,0.4,2,0.0,10
28,19,p03.54_v01.40e-02_rep0.npy,0.01275898717647913,3.54,0.014,0,200,0,4,0.025,32001,0.4,2,0.0,10
29,37,p03.54_v01.40e-02_rep0.npy,0.010408072409277064,3.54,0.014,0,200,0,4,0.025,32001,0.4,2,0.0,10
30,7,p03.54_v02.00e-03_rep0.npy,0.021291864686645567,3.54,0.002,0,200,0,4,0.025,32001,0.4,2,0.0,10
31,19,p03.54_v02.00e-03_rep0.npy,0.017752005078364167,3.54,0.002,0,200,0,4,0.025,32001,0.4,2,0.0,10
32,37,p03.54_v02.00e-03_rep0.npy,0.015705636178608984,3.54,0.002,0,200,0,4,0.025,32001,0.4,2,0.0,10
33,7,p03.54_v01.00e-02_rep0.npy,0.014812936075031763,3.54,0.01,0,200,0,4,0.025,32001,0.4,2,0.0,10
34,19,p03.54_v01.00e-02_rep0.npy,0.013799074105918413,3.54,0.01,0,200,0,4,0.025,32001,0.4,2,0.0,10
35,37,p03.54_v01.00e-02_rep0.npy,0.012210804969072344,3.54,0.01,0,200,0,4,0.025,32001,0.4,2,0.0,10
36,7,p03.54_v06.00e-03_rep0.npy,0.018412641818738647,3.54,0.006,0,200,0,4,0.025,32001,0.4,2,0.0,10
37,19,p03.54_v06.00e-03_rep0.npy,0.015802197675738074,3.54,0.006,0,200,0,4,0.025,32001,0.4,2,0.0,10
38,37,p03.54_v06.00e-03_rep0.npy,0.013755029067397121,3.54,0.006,0,200,0,4,0.025,32001,0.4,2,0.0,10
39,7,p03.54_v02.60e-02_rep0.npy,0.032379200472634234,3.54,0.026,0,200,0,4,0.025,32001,0.4,2,0.0,10
40,19,p03.54_v02.60e-02_rep0.npy,0.023377763889950418,3.54,0.026,0,200,0,4,0.025,32001,0.4,2,0.0,10
41,37,p03.54_v02.60e-02_rep0.npy,0.020240912952366682,3.54,0.026,0,200,0,4,0.025,32001,0.4,2,0.0,10
42,7,p03.54_v03.00e-02_rep0.npy,0.025466317931811016,3.54,0.03,0,200,0,4,0.025,32001,0.4,2,0.0,10
43,19,p03.54_v03.00e-02_rep0.npy,0.03171848919656542,3.54,0.03,0,200,0,4,0.025,32001,0.4,2,0.0,10
44,37,p03.54_v03.00e-02_rep0.npy,0.03288000490930345,3.54,0.03,0,200,0,4,0.025,32001,0.4,2,0.0,10
45,7,p03.54_v02.20e-02_rep0.npy,0.013952693047602315,3.54,0.022,0,200,0,4,0.025,32001,0.4,2,0.0,10
46,19,p03.54_v02.20e-02_rep0.npy,0.017010566801571654,3.54,0.022,0,200,0,4,0.025,32001,0.4,2,0.0,10
47,37,p03.54_v02.20e-02_rep0.npy,0.014815932093573013,3.54,0.022,0,200,0,4,0.025,32001,0.4,2,0.0,10
48,7,p03.58_v02.00e-03_rep0.npy,0.015199460904113947,3.58,0.002,0,200,0,4,0.025,32001,0.4,2,0.0,10
49,19,p03.58_v02.00e-03_rep0.npy,0.01748876238707453,3.58,0.002,0,200,0,4,0.025,32001,0.4,2,0.0,10
50,37,p03.58_v02.00e-03_rep0.npy,0.0141030628583394,3.58,0.002,0,200,0,4,0.025,32001,0.4,2,0.0,10
51,7,p03.58_v01.00e-02_rep0.npy,0.010969582013785844,3.58,0.01,0,200,0,4,0.025,32001,0.4,2,0.0,10
52,19,p03.58_v01.00e-02_rep0.npy,0.012034337036311632,3.58,0.01,0,200,0,4,0.025,32001,0.4,2,0.0,10
53,37,p03.58_v01.00e-02_rep0.npy,0.0092907939106226,3.58,0.01,0,200,0,4,0.025,32001,0.4,2,0.0,10
54,7,p03.58_v06.00e-03_rep0.npy,0.013351501224355569,3.58,0.006,0,200,0,4,0.025,32001,0.4,2,0.0,10
55,19,p03.58_v06.00e-03_rep0.npy,0.015244065111296046,3.58,0.006,0,200,0,4,0.025,32001,0.4,2,0.0,10
56,37,p03.58_v06.00e-03_rep0.npy,0.011634892628838621,3.58,0.006,0,200,0,4,0.025,32001,0.4,2,0.0,10
57,7,p03.58_v01.40e-02_rep0.npy,0.009796625877521479,3.58,0.014,0,200,0,4,0.025,32001,0.4,2,0.0,10
58,19,p03.58_v01.40e-02_rep0.npy,0.010304578713008338,3.58,0.014,0,200,0,4,0.025,32001,0.4,2,0.0,10
59,37,p03.58_v01.40e-02_rep0.npy,0.008007606529459664,3.58,0.014,0,200,0,4,0.025,32001,0.4,2,0.0,10
60,7,p03.58_v02.20e-02_rep0.npy,0.018279463791650196,3.58,0.022,0,200,0,4,0.025,32001,0.4,2,0.0,10
61,19,p03.58_v02.20e-02_rep0.npy,0.01172144042928357,3.58,0.022,0,200,0,4,0.025,32001,0.4,2,0.0,10
62,37,p03.58_v02.20e-02_rep0.npy,0.009209688845252204,3.58,0.022,0,200,0,4,0.025,32001,0.4,2,0.0,10
63,7,p03.58_v03.00e-02_rep0.npy,0.02482332123650445,3.58,0.03,0,200,0,4,0.025,32001,0.4,2,0.0,10
64,19,p03.58_v03.00e-02_rep0.npy,0.01942726969718933,3.58,0.03,0,200,0,4,0.025,32001,0.4,2,0.0,10
65,37,p03.58_v03.00e-02_rep0.npy,0.01955744293000963,3.58,0.03,0,200,0,4,0.025,32001,0.4,2,0.0,10
66,7,p03.58_v01.80e-02_rep0.npy,0.013139580640895874,3.58,0.018,0,200,0,4,0.025,32001,0.4,2,0.0,10
67,19,p03.58_v01.80e-02_rep0.npy,0.0109277240196128,3.58,0.018,0,200,0,4,0.025,32001,0.4,2,0.0,10
68,37,p03.58_v01.80e-02_rep0.npy,0.009215984746445848,3.58,0.018,0,200,0,4,0.025,32001,0.4,2,0.0,10
69,7,p03.58_v02.60e-02_rep0.npy,0.031523263225188634,3.58,0.026,0,200,0,4,0.025,32001,0.4,2,0.0,10
70,19,p03.58_v02.60e-02_rep0.npy,0.02242036869187328,3.58,0.026,0,200,0,4,0.025,32001,0.4,2,0.0,10
71,37,p03.58_v02.60e-02_rep0.npy,0.01761840667421297,3.58,0.026,0,200,0,4,0.025,32001,0.4,2,0.0,10
72,7,p03.62_v02.00e-03_rep0.npy,0.011939559044549242,3.62,0.002,0,200,0,4,0.025,32001,0.4,2,0.0,10
73,19,p03.62_v02.00e-03_rep0.npy,0.011952318163821477,3.62,0.002,0,200,0,4,0.025,32001,0.4,2,0.0,10
74,37,p03.62_v02.00e-03_rep0.npy,0.019614666234701872,3.62,0.002,0,200,0,4,0.025,32001,0.4,2,0.0,10
75,7,p03.62_v06.00e-03_rep0.npy,0.00674592253441612,3.62,0.006,0,200,0,4,0.025,32001,0.4,2,0.0,10
76,19,p03.62_v06.00e-03_rep0.npy,0.008801435534324912,3.62,0.006,0,200,0,4,0.025,32001,0.4,2,0.0,10
77,37,p03.62_v06.00e-03_rep0.npy,0.013298939706550708,3.62,0.006,0,200,0,4,0.025,32001,0.4,2,0.0,10
78,7,p03.62_v01.40e-02_rep0.npy,0.005969455066536157,3.62,0.014,0,200,0,4,0.025,32001,0.4,2,0.0,10
79,19,p03.62_v01.40e-02_rep0.npy,0.008381832847181634,3.62,0.014,0,200,0,4,0.025,32001,0.4,2,0.0,10
80,37,p03.62_v01.40e-02_rep0.npy,0.011101949541848536,3.62,0.014,0,200,0,4,0.025,32001,0.4,2,0.0,10
81,7,p03.62_v01.00e-02_rep0.npy,0.005980860907584431,3.62,0.01,0,200,0,4,0.025,32001,0.4,2,0.0,10
82,19,p03.62_v01.00e-02_rep0.npy,0.008597929030656816,3.62,0.01,0,200,0,4,0.025,32001,0.4,2,0.0,10
83,37,p03.62_v01.00e-02_rep0.npy,0.01132520101964474,3.62,0.01,0,200,0,4,0.025,32001,0.4,2,0.0,10
84,7,p03.62_v01.80e-02_rep0.npy,0.0160303932649118,3.62,0.018,0,200,0,4,0.025,32001,0.4,2,0.0,10
85,19,p03.62_v01.80e-02_rep0.npy,0.01944010778341765,3.62,0.018,0,200,0,4,0.025,32001,0.4,2,0.0,10
86,37,p03.62_v01.80e-02_rep0.npy,0.03129976721089565,3.62,0.018,0,200,0,4,0.025,32001,0.4,2,0.0,10
87,7,p03.62_v02.20e-02_rep0.npy,0.013518256466250777,3.62,0.022,0,200,0,4,0.025,32001,0.4,2,0.0,10
88,19,p03.62_v02.20e-02_rep0.npy,0.01685860728429369,3.62,0.022,0,200,0,4,0.025,32001,0.4,2,0.0,10
89,37,p03.62_v02.20e-02_rep0.npy,0.029574103715005986,3.62,0.022,0,200,0,4,0.025,32001,0.4,2,0.0,10
90,7,p03.62_v02.60e-02_rep0.npy,0.06867588536273801,3.62,0.026,0,200,0,4,0.025,32001,0.4,2,0.0,10
91,19,p03.62_v02.60e-02_rep0.npy,0.051063105199464,3.62,0.026,0,200,0,4,0.025,32001,0.4,2,0.0,10
92,37,p03.62_v02.60e-02_rep0.npy,0.042210157806351366,3.62,0.026,0,200,0,4,0.025,32001,0.4,2,0.0,10
93,7,p03.62_v03.00e-02_rep0.npy,0.06797950135336983,3.62,0.03,0,200,0,4,0.025,32001,0.4,2,0.0,10
94,19,p03.62_v03.00e-02_rep0.npy,0.04997875955369737,3.62,0.03,0,200,0,4,0.025,32001,0.4,2,0.0,10
95,37,p03.62_v03.00e-02_rep0.npy,0.04897266957494948,3.62,0.03,0,200,0,4,0.025,32001,0.4,2,0.0,10
96,7,p03.66_v02.00e-03_rep0.npy,0.026653817621991042,3.66,0.002,0,200,0,4,0.025,32001,0.4,2,0.0,10
97,19,p03.66_v02.00e-03_rep0.npy,0.051682017510756864,3.66,0.002,0,200,0,4,0.025,32001,0.4,2,0.0,10
98,37,p03.66_v02.00e-03_rep0.npy,0.06529554957523942,3.66,0.002,0,200,0,4,0.025,32001,0.4,2,0.0,10
99,7,p03.66_v06.00e-03_rep0.npy,0.014740022985885544,3.66,0.006,0,200,0,4,0.025,32001,0.4,2,0.0,10
100,19,p03.66_v06.00e-03_rep0.npy,0.0287875584844086,3.66,0.006,0,200,0,4,0.025,32001,0.4,2,0.0,10
101,37,p03.66_v06.00e-03_rep0.npy,0.031258776370022036,3.66,0.006,0,200,0,4,0.025,32001,0.4,2,0.0,10
102,7,p03.66_v01.40e-02_rep0.npy,0.016031123469678728,3.66,0.014,0,200,0,4,0.025,32001,0.4,2,0.0,10
103,19,p03.66_v01.40e-02_rep0.npy,0.026691600452272268,3.66,0.014,0,200,0,4,0.025,32001,0.4,2,0.0,10
104,37,p03.66_v01.40e-02_rep0.npy,0.04240098048229608,3.66,0.014,0,200,0,4,0.025,32001,0.4,2,0.0,10
105,7,p03.66_v01.00e-02_rep0.npy,0.014114131219685081,3.66,0.01,0,200,0,4,0.025,32001,0.4,2,0.0,10
106,19,p03.66_v01.00e-02_rep0.npy,0.02494272962212564,3.66,0.01,0,200,0,4,0.025,32001,0.4,2,0.0,10
107,37,p03.66_v01.00e-02_rep0.npy,0.029995612800121318,3.66,0.01,0,200,0,4,0.025,32001,0.4,2,0.0,10
108,7,p03.66_v01.80e-02_rep0.npy,0.035565466056635374,3.66,0.018,0,200,0,4,0.025,32001,0.4,2,0.0,10
109,19,p03.66_v01.80e-02_rep0.npy,0.03770447715565012,3.66,0.018,0,200,0,4,0.025,32001,0.4,2,0.0,10
110,37,p03.66_v01.80e-02_rep0.npy,0.05124834032706275,3.66,0.018,0,200,0,4,0.025,32001,0.4,2,0.0,10
111,7,p03.66_v03.00e-02_rep0.npy,0.07896776994069417,3.66,0.03,0,200,0,4,0.025,32001,0.4,2,0.0,10
112,19,p03.66_v03.00e-02_rep0.npy,0.07285137308968437,3.66,0.03,0,200,0,4,0.025,32001,0.4,2,0.0,10
113,37,p03.66_v03.00e-02_rep0.npy,0.0598355597919888,3.66,0.03,0,200,0,4,0.025,32001,0.4,2,0.0,10
114,7,p03.66_v02.20e-02_rep0.npy,0.06498070664642272,3.66,0.022,0,200,0,4,0.025,32001,0.4,2,0.0,10
115,19,p03.66_v02.20e-02_rep0.npy,0.05788284022946004,3.66,0.022,0,200,0,4,0.025,32001,0.4,2,0.0,10
116,37,p03.66_v02.20e-02_rep0.npy,0.05917967227864857,3.66,0.022,0,200,0,4,0.025,32001,0.4,2,0.0,10
117,7,p03.66_v02.60e-02_rep0.npy,0.05811202014691734,3.66,0.026,0,200,0,4,0.025,32001,0.4,2,0.0,10
118,19,p03.66_v02.60e-02_rep0.npy,0.058484747565004276,3.66,0.026,0,200,0,4,0.025,32001,0.4,2,0.0,10
119,37,p03.66_v02.60e-02_rep0.npy,0.06009004348833887,3.66,0.026,0,200,0,4,0.025,32001,0.4,2,0.0,10
120,7,p03.70_v02.00e-03_rep0.npy,0.0881828833371401,3.7,0.002,0,200,0,4,0.025,32001,0.4,2,0.0,10
121,19,p03.70_v02.00e-03_rep0.npy,0.09243066888302563,3.7,0.002,0,200,0,4,0.025,32001,0.4,2,0.0,10
122,37,p03.70_v02.00e-03_rep0.npy,0.0761001545470208,3.7,0.002,0,200,0,4,0.025,32001,0.4,2,0.0,10
123,7,p03.70_v06.00e-03_rep0.npy,0.03221404686984089,3.7,0.006,0,200,0,4,0.025,32001,0.4,2,0.0,10
124,19,p03.70_v06.00e-03_rep0.npy,0.033430561112860836,3.7,0.006,0,200,0,4,0.025,32001,0.4,2,0.0,10
125,37,p03.70_v06.00e-03_rep0.npy,0.025557092804875642,3.7,0.006,0,200,0,4,0.025,32001,0.4,2,0.0,10
126,7,p03.70_v01.00e-02_rep0.npy,0.051465749740600614,3.7,0.01,0,200,0,4,0.025,32001,0.4,2,0.0,10
127,19,p03.70_v01.00e-02_rep0.npy,0.039743348956108114,3.7,0.01,0,200,0,4,0.025,32001,0.4,2,0.0,10
128,37,p03.70_v01.00e-02_rep0.npy,0.03637901693582536,3.7,0.01,0,200,0,4,0.025,32001,0.4,2,0.0,10
129,7,p03.70_v01.40e-02_rep0.npy,0.07025881537369323,3.7,0.014,0,200,0,4,0.025,32001,0.4,2,0.0,10
130,19,p03.70_v01.40e-02_rep0.npy,0.05913981977774175,3.7,0.014,0,200,0,4,0.025,32001,0.4,2,0.0,10
131,37,p03.70_v01.40e-02_rep0.npy,0.056534640643061435,3.7,0.014,0,200,0,4,0.025,32001,0.4,2,0.0,10
132,7,p03.70_v01.80e-02_rep0.npy,0.09466571572386193,3.7,0.018,0,200,0,4,0.025,32001,0.4,2,0.0,10
133,19,p03.70_v01.80e-02_rep0.npy,0.06947165562046903,3.7,0.018,0,200,0,4,0.025,32001,0.4,2,0.0,10
134,37,p03.70_v01.80e-02_rep0.npy,0.0723877944696097,3.7,0.018,0,200,0,4,0.025,32001,0.4,2,0.0,10
135,7,p03.70_v03.00e-02_rep0.npy,0.06809351841608684,3.7,0.03,0,200,0,4,0.025,32001,0.4,2,0.0,10
136,19,p03.70_v03.00e-02_rep0.npy,0.06228176752726236,3.7,0.03,0,200,0,4,0.025,32001,0.4,2,0.0,10
137,37,p03.70_v03.00e-02_rep0.npy,0.06692908869849311,3.7,0.03,0,200,0,4,0.025,32001,0.4,2,0.0,10
138,7,p03.70_v02.60e-02_rep0.npy,0.13434320864592791,3.7,0.026,0,200,0,4,0.025,32001,0.4,2,0.0,10
139,19,p03.70_v02.60e-02_rep0.npy,0.12292662668510307,3.7,0.026,0,200,0,4,0.025,32001,0.4,2,0.0,10
140,37,p03.70_v02.60e-02_rep0.npy,0.09187828506943747,3.7,0.026,0,200,0,4,0.025,32001,0.4,2,0.0,10
141,7,p03.70_v02.20e-02_rep0.npy,0.10447686861369238,3.7,0.022,0,200,0,4,0.025,32001,0.4,2,0.0,10
142,19,p03.70_v02.20e-02_rep0.npy,0.07702727948338534,3.7,0.022,0,200,0,4,0.025,32001,0.4,2,0.0,10
143,37,p03.70_v02.20e-02_rep0.npy,0.088022476878048,3.7,0.022,0,200,0,4,0.025,32001,0.4,2,0.0,10
144,7,p03.74_v02.00e-03_rep0.npy,0.11016831267625096,3.74,0.002,0,200,0,4,0.025,32001,0.4,2,0.0,10
145,19,p03.74_v02.00e-03_rep0.npy,0.14088238822296265,3.74,0.002,0,200,0,4,0.025,32001,0.4,2,0.0,10
146,37,p03.74_v02.00e-03_rep0.npy,0.13553691096603873,3.74,0.002,0,200,0,4,0.025,32001,0.4,2,0.0,10
147,7,p03.74_v06.00e-03_rep0.npy,0.05126412337025007,3.74,0.006,0,200,0,4,0.025,32001,0.4,2,0.0,10
148,19,p03.74_v06.00e-03_rep0.npy,0.04203051276918915,3.74,0.006,0,200,0,4,0.025,32001,0.4,2,0.0,10
149,37,p03.74_v06.00e-03_rep0.npy,0.0471562043660217,3.74,0.006,0,200,0,4,0.025,32001,0.4,2,0.0,10
150,7,p03.74_v01.40e-02_rep0.npy,0.04276651128822445,3.74,0.014,0,200,0,4,0.025,32001,0.4,2,0.0,10
151,19,p03.74_v01.40e-02_rep0.npy,0.07241212439780335,3.74,0.014,0,200,0,4,0.025,32001,0.4,2,0.0,10
152,37,p03.74_v01.40e-02_rep0.npy,0.09824060359779672,3.74,0.014,0,200,0,4,0.025,32001,0.4,2,0.0,10
153,7,p03.74_v01.80e-02_rep0.npy,0.0536769352577351,3.74,0.018,0,200,0,4,0.025,32001,0.4,2,0.0,10
154,19,p03.74_v01.80e-02_rep0.npy,0.09583519932664476,3.74,0.018,0,200,0,4,0.025,32001,0.4,2,0.0,10
155,37,p03.74_v01.80e-02_rep0.npy,0.10951438251836806,3.74,0.018,0,200,0,4,0.025,32001,0.4,2,0.0,10
156,7,p03.74_v02.20e-02_rep0.npy,0.14136527195449705,3.74,0.022,0,200,0,4,0.025,32001,0.4,2,0.0,10
157,19,p03.74_v02.20e-02_rep0.npy,0.11085665915623187,3.74,0.022,0,200,0,4,0.025,32001,0.4,2,0.0,10
158,37,p03.74_v02.20e-02_rep0.npy,0.10866362693881204,3.74,0.022,0,200,0,4,0.025,32001,0.4,2,0.0,10
159,7,p03.74_v01.00e-02_rep0.npy,0.07601406425237657,3.74,0.01,0,200,0,4,0.025,32001,0.4,2,0.0,10
160,19,p03.74_v01.00e-02_rep0.npy,0.07983079552650454,3.74,0.01,0,200,0,4,0.025,32001,0.4,2,0.0,10
161,37,p03.74_v01.00e-02_rep0.npy,0.08825597167015077,3.74,0.01,0,200,0,4,0.025,32001,0.4,2,0.0,10
162,7,p03.74_v02.60e-02_rep0.npy,0.08369338582958699,3.74,0.026,0,200,0,4,0.025,32001,0.4,2,0.0,10
163,19,p03.74_v02.60e-02_rep0.npy,0.07003489771538236,3.74,0.026,0,200,0,4,0.025,32001,0.4,2,0.0,10
164,37,p03.74_v02.60e-02_rep0.npy,0.06823178226425806,3.74,0.026,0,200,0,4,0.025,32001,0.4,2,0.0,10
165,7,p03.74_v03.00e-02_rep0.npy,0.06816964679294163,3.74,0.03,0,200,0,4,0.025,32001,0.4,2,0.0,10
166,19,p03.74_v03.00e-02_rep0.npy,0.05444479319784376,3.74,0.03,0,200,0,4,0.025,32001,0.4,2,0.0,10
167,37,p03.74_v03.00e-02_rep0.npy,0.05125674274232652,3.74,0.03,0,200,0,4,0.025,32001,0.4,2,0.0,10
168,7,p03.78_v02.00e-03_rep0.npy,0.31341097783297306,3.78,0.002,0,200,0,4,0.025,32001,0.4,2,0.0,10
169,19,p03.78_v02.00e-03_rep0.npy,0.33434634096920496,3.78,0.002,0,200,0,4,0.025,32001,0.4,2,0.0,10
170,37,p03.78_v02.00e-03_rep0.npy,0.2411896595731378,3.78,0.002,0,200,0,4,0.025,32001,0.4,2,0.0,10
171,7,p03.78_v06.00e-03_rep0.npy,0.2720745280385018,3.78,0.006,0,200,0,4,0.025,32001,0.4,2,0.0,10
172,19,p03.78_v06.00e-03_rep0.npy,0.18557090726163653,3.78,0.006,0,200,0,4,0.025,32001,0.4,2,0.0,10
173,37,p03.78_v06.00e-03_rep0.npy,0.1608811111913787,3.78,0.006,0,200,0,4,0.025,32001,0.4,2,0.0,10
174,7,p03.78_v01.80e-02_rep0.npy,0.12511737000795065,3.78,0.018,0,200,0,4,0.025,32001,0.4,2,0.0,10
175,19,p03.78_v01.80e-02_rep0.npy,0.1134477003856942,3.78,0.018,0,200,0,4,0.025,32001,0.4,2,0.0,10
176,37,p03.78_v01.80e-02_rep0.npy,0.10695095047538668,3.78,0.018,0,200,0,4,0.025,32001,0.4,2,0.0,10
177,7,p03.78_v01.00e-02_rep0.npy,0.2984056174755097,3.78,0.01,0,200,0,4,0.025,32001,0.4,2,0.0,10
178,19,p03.78_v01.00e-02_rep0.npy,0.21669177711009988,3.78,0.01,0,200,0,4,0.025,32001,0.4,2,0.0,10
179,37,p03.78_v01.00e-02_rep0.npy,0.1689151674509049,3.78,0.01,0,200,0,4,0.025,32001,0.4,2,0.0,10
180,7,p03.78_v01.40e-02_rep0.npy,0.23664987208891894,3.78,0.014,0,200,0,4,0.025,32001,0.4,2,0.0,10
181,19,p03.78_v01.40e-02_rep0.npy,0.2023299889905113,3.78,0.014,0,200,0,4,0.025,32001,0.4,2,0.0,10
182,37,p03.78_v01.40e-02_rep0.npy,0.16084389418971787,3.78,0.014,0,200,0,4,0.025,32001,0.4,2,0.0,10
183,7,p03.78_v02.60e-02_rep0.npy,0.0827028289349122,3.78,0.026,0,200,0,4,0.025,32001,0.4,2,0.0,10
184,19,p03.78_v02.60e-02_rep0.npy,0.08491588943808746,3.78,0.026,0,200,0,4,0.025,32001,0.4,2,0.0,10
185,37,p03.78_v02.60e-02_rep0.npy,0.08718717027698047,3.78,0.026,0,200,0,4,0.025,32001,0.4,2,0.0,10
186,7,p03.78_v02.20e-02_rep0.npy,0.19213466112278715,3.78,0.022,0,200,0,4,0.025,32001,0.4,2,0.0,10
187,19,p03.78_v02.20e-02_rep0.npy,0.1406485384160822,3.78,0.022,0,200,0,4,0.025,32001,0.4,2,0.0,10
188,37,p03.78_v02.20e-02_rep0.npy,0.11533272167867868,3.78,0.022,0,200,0,4,0.025,32001,0.4,2,0.0,10
189,7,p03.78_v03.00e-02_rep0.npy,0.10725018050935534,3.78,0.03,0,200,0,4,0.025,32001,0.4,2,0.0,10
190,19,p03.78_v03.00e-02_rep0.npy,0.08119800355699328,3.78,0.03,0,200,0,4,0.025,32001,0.4,2,0.0,10
191,37,p03.78_v03.00e-02_rep0.npy,0.07859420114093357,3.78,0.03,0,200,0,4,0.025,32001,0.4,2,0.0,10
192,7,p03.82_v02.00e-03_rep0.npy,0.3714064368978143,3.82,0.002,0,200,0,4,0.025,32001,0.4,2,0.0,10
193,19,p03.82_v02.00e-03_rep0.npy,0.3991900477558375,3.82,0.002,0,200,0,4,0.025,32001,0.4,2,0.0,10
194,37,p03.82_v02.00e-03_rep0.npy,0.3686720039695502,3.82,0.002,0,200,0,4,0.025,32001,0.4,2,0.0,10
195,7,p03.82_v01.00e-02_rep0.npy,0.224514588713646,3.82,0.01,0,200,0,4,0.025,32001,0.4,2,0.0,10
196,19,p03.82_v01.00e-02_rep0.npy,0.2322561293840409,3.82,0.01,0,200,0,4,0.025,32001,0.4,2,0.0,10
197,37,p03.82_v01.00e-02_rep0.npy,0.21356543898582464,3.82,0.01,0,200,0,4,0.025,32001,0.4,2,0.0,10
198,7,p03.82_v01.40e-02_rep0.npy,0.11476279825580367,3.82,0.014,0,200,0,4,0.025,32001,0.4,2,0.0,10
199,19,p03.82_v01.40e-02_rep0.npy,0.15316848852196524,3.82,0.014,0,200,0,4,0.025,32001,0.4,2,0.0,10
200,37,p03.82_v01.40e-02_rep0.npy,0.1286491751670838,3.82,0.014,0,200,0,4,0.025,32001,0.4,2,0.0,10
201,7,p03.82_v06.00e-03_rep0.npy,0.18956630180279416,3.82,0.006,0,200,0,4,0.025,32001,0.4,2,0.0,10
202,19,p03.82_v06.00e-03_rep0.npy,0.19395655641953152,3.82,0.006,0,200,0,4,0.025,32001,0.4,2,0.0,10
203,37,p03.82_v06.00e-03_rep0.npy,0.21314811375406054,3.82,0.006,0,200,0,4,0.025,32001,0.4,2,0.0,10
204,7,p03.82_v01.80e-02_rep0.npy,0.13678245890287713,3.82,0.018,0,200,0,4,0.025,32001,0.4,2,0.0,10
205,19,p03.82_v01.80e-02_rep0.npy,0.0992050969306334,3.82,0.018,0,200,0,4,0.025,32001,0.4,2,0.0,10
206,37,p03.82_v01.80e-02_rep0.npy,0.1314534909195371,3.82,0.018,0,200,0,4,0.025,32001,0.4,2,0.0,10
207,7,p03.82_v02.20e-02_rep0.npy,0.07427173458840237,3.82,0.022,0,200,0,4,0.025,32001,0.4,2,0.0,10
208,19,p03.82_v02.20e-02_rep0.npy,0.0927399751568629,3.82,0.022,0,200,0,4,0.025,32001,0.4,2,0.0,10
209,37,p03.82_v02.20e-02_rep0.npy,0.09852459977480993,3.82,0.022,0,200,0,4,0.025,32001,0.4,2,0.0,10
210,7,p03.82_v02.60e-02_rep0.npy,0.14110953497463438,3.82,0.026,0,200,0,4,0.025,32001,0.4,2,0.0,10
211,19,p03.82_v02.60e-02_rep0.npy,0.10143965482711798,3.82,0.026,0,200,0,4,0.025,32001,0.4,2,0.0,10
212,37,p03.82_v02.60e-02_rep0.npy,0.0904350150266343,3.82,0.026,0,200,0,4,0.025,32001,0.4,2,0.0,10
213,7,p03.82_v03.00e-02_rep0.npy,0.1148447725507948,3.82,0.03,0,200,0,4,0.025,32001,0.4,2,0.0,10
214,19,p03.82_v03.00e-02_rep0.npy,0.09735164377424453,3.82,0.03,0,200,0,4,0.025,32001,0.4,2,0.0,10
215,37,p03.82_v03.00e-02_rep0.npy,0.09341218736436632,3.82,0.03,0,200,0,4,0.025,32001,0.4,2,0.0,10
216,7,p03.86_v02.00e-03_rep0.npy,0.4531799815595151,3.86,0.002,0,200,0,4,0.025,32001,0.4,2,0.0,10
217,19,p03.86_v02.00e-03_rep0.npy,0.509096123278141,3.86,0.002,0,200,0,4,0.025,32001,0.4,2,0.0,10
218,37,p03.86_v02.00e-03_rep0.npy,0.5242918618023397,3.86,0.002,0,200,0,4,0.025,32001,0.4,2,0.0,10
219,7,p03.86_v02.20e-02_rep0.npy,0.12729669159108944,3.86,0.022,0,200,0,4,0.025,32001,0.4,2,0.0,10
220,19,p03.86_v02.20e-02_rep0.npy,0.1020272839660487,3.86,0.022,0,200,0,4,0.025,32001,0.4,2,0.0,10
221,37,p03.86_v02.20e-02_rep0.npy,0.10728792957037936,3.86,0.022,0,200,0,4,0.025,32001,0.4,2,0.0,10
222,7,p03.86_v01.00e-02_rep0.npy,0.11921878159046174,3.86,0.01,0,200,0,4,0.025,32001,0.4,2,0.0,10
223,19,p03.86_v01.00e-02_rep0.npy,0.13171486556530004,3.86,0.01,0,200,0,4,0.025,32001,0.4,2,0.0,10
224,37,p03.86_v01.00e-02_rep0.npy,0.14770822227001196,3.86,0.01,0,200,0,4,0.025,32001,0.4,2,0.0,10
225,7,p03.86_v06.00e-03_rep0.npy,0.20354112817181486,3.86,0.006,0,200,0,4,0.025,32001,0.4,2,0.0,10
226,19,p03.86_v06.00e-03_rep0.npy,0.2572279216514693,3.86,0.006,0,200,0,4,0.025,32001,0.4,2,0.0,10
227,37,p03.86_v06.00e-03_rep0.npy,0.3041856197847261,3.86,0.006,0,200,0,4,0.025,32001,0.4,2,0.0,10
228,7,p03.86_v01.40e-02_rep0.npy,0.09151008360239928,3.86,0.014,0,200,0,4,0.025,32001,0.4,2,0.0,10
229,19,p03.86_v01.40e-02_rep0.npy,0.11904273106127375,3.86,0.014,0,200,0,4,0.025,32001,0.4,2,0.0,10
230,37,p03.86_v01.40e-02_rep0.npy,0.14616737560350074,3.86,0.014,0,200,0,4,0.025,32001,0.4,2,0.0,10
231,7,p03.86_v01.80e-02_rep0.npy,0.16360807198065305,3.86,0.018,0,200,0,4,0.025,32001,0.4,2,0.0,10
232,19,p03.86_v01.80e-02_rep0.npy,0.12960391648021752,3.86,0.018,0,200,0,4,0.025,32001,0.4,2,0.0,10
233,37,p03.86_v01.80e-02_rep0.npy,0.12638468617274445,3.86,0.018,0,200,0,4,0.025,32001,0.4,2,0.0,10
234,7,p03.86_v02.60e-02_rep0.npy,0.07310580219742817,3.86,0.026,0,200,0,4,0.025,32001,0.4,2,0.0,10
235,19,p03.86_v02.60e-02_rep0.npy,0.09841521287105498,3.86,0.026,0,200,0,4,0.025,32001,0.4,2,0.0,10
236,37,p03.86_v02.60e-02_rep0.npy,0.09718480900194523,3.86,0.026,0,200,0,4,0.025,32001,0.4,2,0.0,10
237,7,p03.86_v03.00e-02_rep0.npy,0.05762157837549845,3.86,0.03,0,200,0,4,0.025,32001,0.4,2,0.0,10
238,19,p03.86_v03.00e-02_rep0.npy,0.0751474764611986,3.86,0.03,0,200,0,4,0.025,32001,0.4,2,0.0,10
239,37,p03.86_v03.00e-02_rep0.npy,0.08365933100382487,3.86,0.03,0,200,0,4,0.025,32001,0.4,2,0.0,10
240,7,p03.90_v02.00e-03_rep0.npy,0.8806570433080197,3.9,0.002,0,200,0,4,0.025,32001,0.4,2,0.0,10
241,19,p03.90_v02.00e-03_rep0.npy,0.7853191345930101,3.9,0.002,0,200,0,4,0.025,32001,0.4,2,0.0,10
242,37,p03.90_v02.00e-03_rep0.npy,1.066237036138773,3.9,0.002,0,200,0,4,0.025,32001,0.4,2,0.0,10
243,7,p03.90_v06.00e-03_rep0.npy,0.8474345008532208,3.9,0.006,0,200,0,4,0.025,32001,0.4,2,0.0,10
244,19,p03.90_v06.00e-03_rep0.npy,0.5817185259527631,3.9,0.006,0,200,0,4,0.025,32001,0.4,2,0.0,10
245,37,p03.90_v06.00e-03_rep0.npy,0.4172197646564908,3.9,0.006,0,200,0,4,0.025,32001,0.4,2,0.0,10
246,7,p03.90_v01.00e-02_rep0.npy,0.2724331319332124,3.9,0.01,0,200,0,4,0.025,32001,0.4,2,0.0,10
247,19,p03.90_v01.00e-02_rep0.npy,0.2790100872516633,3.9,0.01,0,200,0,4,0.025,32001,0.4,2,0.0,10
248,37,p03.90_v01.00e-02_rep0.npy,0.23796992003917705,3.9,0.01,0,200,0,4,0.025,32001,0.4,2,0.0,10
249,7,p03.90_v02.20e-02_rep0.npy,0.13243921778418802,3.9,0.022,0,200,0,4,0.025,32001,0.4,2,0.0,10
250,19,p03.90_v02.20e-02_rep0.npy,0.11073661244605199,3.9,0.022,0,200,0,4,0.025,32001,0.4,2,0.0,10
251,37,p03.90_v02.20e-02_rep0.npy,0.10744615280923768,3.9,0.022,0,200,0,4,0.025,32001,0.4,2,0.0,10
252,7,p03.90_v01.80e-02_rep0.npy,0.09503349845792046,3.9,0.018,0,200,0,4,0.025,32001,0.4,2,0.0,10
253,19,p03.90_v01.80e-02_rep0.npy,0.10211100732838672,3.9,0.018,0,200,0,4,0.025,32001,0.4,2,0.0,10
254,37,p03.90_v01.80e-02_rep0.npy,0.15508033979086236,3.9,0.018,0,200,0,4,0.025,32001,0.4,2,0.0,10
255,7,p03.90_v01.40e-02_rep0.npy,0.21699023794154745,3.9,0.014,0,200,0,4,0.025,32001,0.4,2,0.0,10
256,19,p03.90_v01.40e-02_rep0.npy,0.1907974633635308,3.9,0.014,0,200,0,4,0.025,32001,0.4,2,0.0,10
257,37,p03.90_v01.40e-02_rep0.npy,0.2111240461164592,3.9,0.014,0,200,0,4,0.025,32001,0.4,2,0.0,10
258,7,p03.90_v02.60e-02_rep0.npy,0.0848537630583408,3.9,0.026,0,200,0,4,0.025,32001,0.4,2,0.0,10
259,19,p03.90_v02.60e-02_rep0.npy,0.07100516610597016,3.9,0.026,0,200,0,4,0.025,32001,0.4,2,0.0,10
260,37,p03.90_v02.60e-02_rep0.npy,0.06885520188060741,3.9,0.026,0,200,0,4,0.025,32001,0.4,2,0.0,10
261,7,p03.90_v03.00e-02_rep0.npy,0.06298807594511244,3.9,0.03,0,200,0,4,0.025,32001,0.4,2,0.0,10
262,19,p03.90_v03.00e-02_rep0.npy,0.0936109291182624,3.9,0.03,0,200,0,4,0.025,32001,0.4,2,0.0,10
263,37,p03.90_v03.00e-02_rep0.npy,0.07963009013070001,3.9,0.03,0,200,0,4,0.025,32001,0.4,2,0.0,10
264,7,p03.50_v02.00e-03_rep1.npy,0.012372968194540592,3.5,0.002,1,200,0,4,0.025,32001,0.4,2,0.0,10
265,19,p03.50_v02.00e-03_rep1.npy,0.008409291331190616,3.5,0.002,1,200,0,4,0.025,32001,0.4,2,0.0,10
266,37,p03.50_v02.00e-03_rep1.npy,0.006868335185572505,3.5,0.002,1,200,0,4,0.025,32001,0.4,2,0.0,10
267,7,p03.50_v06.00e-03_rep1.npy,0.01140252117895418,3.5,0.006,1,200,0,4,0.025,32001,0.4,2,0.0,10
268,19,p03.50_v06.00e-03_rep1.npy,0.007729540811851621,3.5,0.006,1,200,0,4,0.025,32001,0.4,2,0.0,10
269,37,p03.50_v06.00e-03_rep1.npy,0.006266964677100382,3.5,0.006,1,200,0,4,0.025,32001,0.4,2,0.0,10
270,7,p03.50_v01.00e-02_rep1.npy,0.00972187984734774,3.5,0.01,1,200,0,4,0.025,32001,0.4,2,0.0,10
271,19,p03.50_v01.00e-02_rep1.npy,0.006766675505787137,3.5,0.01,1,200,0,4,0.025,32001,0.4,2,0.0,10
272,37,p03.50_v01.00e-02_rep1.npy,0.005411495454609396,3.5,0.01,1,200,0,4,0.025,32001,0.4,2,0.0,10
273,7,p03.50_v01.80e-02_rep1.npy,0.007456955557436124,3.5,0.018,1,200,0,4,0.025,32001,0.4,2,0.0,10
274,19,p03.50_v01.80e-02_rep1.npy,0.005485257708731996,3.5,0.018,1,200,0,4,0.025,32001,0.4,2,0.0,10
275,37,p03.50_v01.80e-02_rep1.npy,0.004017436416980664,3.5,0.018,1,200,0,4,0.025,32001,0.4,2,0.0,10
276,7,p03.50_v02.20e-02_rep1.npy,0.006063124703720582,3.5,0.022,1,200,0,4,0.025,32001,0.4,2,0.0,10
277,19,p03.50_v02.20e-02_rep1.npy,0.004663496193560688,3.5,0.022,1,200,0,4,0.025,32001,0.4,2,0.0,10
278,37,p03.50_v02.20e-02_rep1.npy,0.003523096703916542,3.5,0.022,1,200,0,4,0.025,32001,0.4,2,0.0,10
279,7,p03.50_v01.40e-02_rep1.npy,0.008525667065868575,3.5,0.014,1,200,0,4,0.025,32001,0.4,2,0.0,10
280,19,p03.50_v01.40e-02_rep1.npy,0.006182754545339519,3.5,0.014,1,200,0,4,0.025,32001,0.4,2,0.0,10
281,37,p03.50_v01.40e-02_rep1.npy,0.004661158297439013,3.5,0.014,1,200,0,4,0.025,32001,0.4,2,0.0,10
282,7,p03.50_v02.60e-02_rep1.npy,0.020242579413588948,3.5,0.026,1,200,0,4,0.025,32001,0.4,2,0.0,10
283,19,p03.50_v02.60e-02_rep1.npy,0.014226301710986534,3.5,0.026,1,200,0,4,0.025,32001,0.4,2,0.0,10
284,37,p03.50_v02.60e-02_rep1.npy,0.01139520562788439,3.5,0.026,1,200,0,4,0.025,32001,0.4,2,0.0,10
285,7,p03.50_v03.00e-02_rep1.npy,0.01684941185845269,3.5,0.03,1,200,0,4,0.025,32001,0.4,2,0.0,10
286,19,p03.50_v03.00e-02_rep1.npy,0.01284599552551905,3.5,0.03,1,200,0,4,0.025,32001,0.4,2,0.0,10
287,37,p03.50_v03.00e-02_rep1.npy,0.014274444844987657,3.5,0.03,1,200,0,4,0.025,32001,0.4,2,0.0,10
288,7,p03.54_v02.00e-03_rep1.npy,0.009315057832282037,3.54,0.002,1,200,0,4,0.025,32001,0.4,2,0.0,10
289,19,p03.54_v02.00e-03_rep1.npy,0.008227332000387833,3.54,0.002,1,200,0,4,0.025,32001,0.4,2,0.0,10
290,37,p03.54_v02.00e-03_rep1.npy,0.00885279514477588,3.54,0.002,1,200,0,4,0.025,32001,0.4,2,0.0,10
291,7,p03.54_v06.00e-03_rep1.npy,0.00868584223402043,3.54,0.006,1,200,0,4,0.025,32001,0.4,2,0.0,10
292,19,p03.54_v06.00e-03_rep1.npy,0.007734353938657378,3.54,0.006,1,200,0,4,0.025,32001,0.4,2,0.0,10
293,37,p03.54_v06.00e-03_rep1.npy,0.008426743119748104,3.54,0.006,1,200,0,4,0.025,32001,0.4,2,0.0,10
294,7,p03.54_v01.00e-02_rep1.npy,0.008486919105052951,3.54,0.01,1,200,0,4,0.025,32001,0.4,2,0.0,10
295,19,p03.54_v01.00e-02_rep1.npy,0.007590059190988544,3.54,0.01,1,200,0,4,0.025,32001,0.4,2,0.0,10
296,37,p03.54_v01.00e-02_rep1.npy,0.008327574469149114,3.54,0.01,1,200,0,4,0.025,32001,0.4,2,0.0,10
297,7,p03.54_v01.40e-02_rep1.npy,0.00873595590190012,3.54,0.014,1,200,0,4,0.025,32001,0.4,2,0.0,10
298,19,p03.54_v01.40e-02_rep1.npy,0.007796392547993031,3.54,0.014,1,200,0,4,0.025,32001,0.4,2,0.0,10
299,37,p03.54_v01.40e-02_rep1.npy,0.008043617352235077,3.54,0.014,1,200,0,4,0.025,32001,0.4,2,0.0,10
300,7,p03.54_v02.20e-02_rep1.npy,0.00647574755524801,3.54,0.022,1,200,0,4,0.025,32001,0.4,2,0.0,10
301,19,p03.54_v02.20e-02_rep1.npy,0.011534403917218043,3.54,0.022,1,200,0,4,0.025,32001,0.4,2,0.0,10
302,37,p03.54_v02.20e-02_rep1.npy,0.011092126523413936,3.54,0.022,1,200,0,4,0.025,32001,0.4,2,0.0,10
303,7,p03.54_v01.80e-02_rep1.npy,0.009040302815444679,3.54,0.018,1,200,0,4,0.025,32001,0.4,2,0.0,10
304,19,p03.54_v01.80e-02_rep1.npy,0.007958567620795453,3.54,0.018,1,200,0,4,0.025,32001,0.4,2,0.0,10
305,37,p03.54_v01.80e-02_rep1.npy,0.008319356237296708,3.54,0.018,1,200,0,4,0.025,32001,0.4,2,0.0,10
306,7,p03.54_v02.60e-02_rep1.npy,0.01811475311157972,3.54,0.026,1,200,0,4,0.025,32001,0.4,2,0.0,10
307,19,p03.54_v02.60e-02_rep1.npy,0.016065343068196233,3.54,0.026,1,200,0,4,0.025,32001,0.4,2,0.0,10
308,37,p03.54_v02.60e-02_rep1.npy,0.016312165593607198,3.54,0.026,1,200,0,4,0.025,32001,0.4,2,0.0,10
309,7,p03.54_v03.00e-02_rep1.npy,0.039131846692827016,3.54,0.03,1,200,0,4,0.025,32001,0.4,2,0.0,10
310,19,p03.54_v03.00e-02_rep1.npy,0.035873757468329534,3.54,0.03,1,200,0,4,0.025,32001,0.4,2,0.0,10
311,37,p03.54_v03.00e-02_rep1.npy,0.030226151148478188,3.54,0.03,1,200,0,4,0.025,32001,0.4,2,0.0,10
312,7,p03.58_v02.00e-03_rep1.npy,0.0037135941965971146,3.58,0.002,1,200,0,4,0.025,32001,0.4,2,0.0,10
313,19,p03.58_v02.00e-03_rep1.npy,0.010188671149080621,3.58,0.002,1,200,0,4,0.025,32001,0.4,2,0.0,10
314,37,p03.58_v02.00e-03_rep1.npy,0.014522715355269613,3.58,0.002,1,200,0,4,0.025,32001,0.4,2,0.0,10
315,7,p03.58_v06.00e-03_rep1.npy,0.0031684515609716377,3.58,0.006,1,200,0,4,0.025,32001,0.4,2,0.0,10
316,19,p03.58_v06.00e-03_rep1.npy,0.008654701782183517,3.58,0.006,1,200,0,4,0.025,32001,0.4,2,0.0,10
317,37,p03.58_v06.00e-03_rep1.npy,0.012839487236407071,3.58,0.006,1,200,0,4,0.025,32001,0.4,2,0.0,10
318,7,p03.58_v01.00e-02_rep1.npy,0.0024739422369748363,3.58,0.01,1,200,0,4,0.025,32001,0.4,2,0.0,10
319,19,p03.58_v01.00e-02_rep1.npy,0.007024267222732307,3.58,0.01,1,200,0,4,0.025,32001,0.4,2,0.0,10
320,37,p03.58_v01.00e-02_rep1.npy,0.010983228683471685,3.58,0.01,1,200,0,4,0.025,32001,0.4,2,0.0,10
321,7,p03.58_v01.40e-02_rep1.npy,0.002323076300018905,3.58,0.014,1,200,0,4,0.025,32001,0.4,2,0.0,10
322,19,p03.58_v01.40e-02_rep1.npy,0.006393801268874385,3.58,0.014,1,200,0,4,0.025,32001,0.4,2,0.0,10
323,37,p03.58_v01.40e-02_rep1.npy,0.010035144241184608,3.58,0.014,1,200,0,4,0.025,32001,0.4,2,0.0,10
324,7,p03.58_v01.80e-02_rep1.npy,0.002512979942063492,3.58,0.018,1,200,0,4,0.025,32001,0.4,2,0.0,10
325,19,p03.58_v01.80e-02_rep1.npy,0.006260411284955934,3.58,0.018,1,200,0,4,0.025,32001,0.4,2,0.0,10
326,37,p03.58_v01.80e-02_rep1.npy,0.00968851999920092,3.58,0.018,1,200,0,4,0.025,32001,0.4,2,0.0,10
327,7,p03.58_v02.20e-02_rep1.npy,0.008755645999484812,3.58,0.022,1,200,0,4,0.025,32001,0.4,2,0.0,10
328,19,p03.58_v02.20e-02_rep1.npy,0.011832611866233763,3.58,0.022,1,200,0,4,0.025,32001,0.4,2,0.0,10
329,37,p03.58_v02.20e-02_rep1.npy,0.01600579751178253,3.58,0.022,1,200,0,4,0.025,32001,0.4,2,0.0,10
330,7,p03.58_v02.60e-02_rep1.npy,0.0110982801522729,3.58,0.026,1,200,0,4,0.025,32001,0.4,2,0.0,10
331,19,p03.58_v02.60e-02_rep1.npy,0.022042172371283097,3.58,0.026,1,200,0,4,0.025,32001,0.4,2,0.0,10
332,37,p03.58_v02.60e-02_rep1.npy,0.025359840964424552,3.58,0.026,1,200,0,4,0.025,32001,0.4,2,0.0,10
333,7,p03.58_v03.00e-02_rep1.npy,0.02086675332652198,3.58,0.03,1,200,0,4,0.025,32001,0.4,2,0.0,10
334,19,p03.58_v03.00e-02_rep1.npy,0.019723713397979736,3.58,0.03,1,200,0,4,0.025,32001,0.4,2,0.0,10
335,37,p03.58_v03.00e-02_rep1.npy,0.0261210302511851,3.58,0.03,1,200,0,4,0.025,32001,0.4,2,0.0,10
336,7,p03.62_v02.00e-03_rep1.npy,0.033666632953099906,3.62,0.002,1,200,0,4,0.025,32001,0.4,2,0.0,10
337,19,p03.62_v02.00e-03_rep1.npy,0.03539757744874805,3.62,0.002,1,200,0,4,0.025,32001,0.4,2,0.0,10
338,37,p03.62_v02.00e-03_rep1.npy,0.02884371788240969,3.62,0.002,1,200,0,4,0.025,32001,0.4,2,0.0,10
339,7,p03.62_v06.00e-03_rep1.npy,0.01618103382902013,3.62,0.006,1,200,0,4,0.025,32001,0.4,2,0.0,10
340,19,p03.62_v06.00e-03_rep1.npy,0.01819799136784342,3.62,0.006,1,200,0,4,0.025,32001,0.4,2,0.0,10
341,37,p03.62_v06.00e-03_rep1.npy,0.015285820700228216,3.62,0.006,1,200,0,4,0.025,32001,0.4,2,0.0,10
342,7,p03.62_v01.00e-02_rep1.npy,0.009374992921948436,3.62,0.01,1,200,0,4,0.025,32001,0.4,2,0.0,10
343,19,p03.62_v01.00e-02_rep1.npy,0.010792944580316549,3.62,0.01,1,200,0,4,0.025,32001,0.4,2,0.0,10
344,37,p03.62_v01.00e-02_rep1.npy,0.009566682390868669,3.62,0.01,1,200,0,4,0.025,32001,0.4,2,0.0,10
345,7,p03.62_v01.40e-02_rep1.npy,0.013326443921850657,3.62,0.014,1,200,0,4,0.025,32001,0.4,2,0.0,10
346,19,p03.62_v01.40e-02_rep1.npy,0.013196167098928476,3.62,0.014,1,200,0,4,0.025,32001,0.4,2,0.0,10
347,37,p03.62_v01.40e-02_rep1.npy,0.012132333477540896,3.62,0.014,1,200,0,4,0.025,32001,0.4,2,0.0,10
348,7,p03.62_v02.20e-02_rep1.npy,0.030687531410170006,3.62,0.022,1,200,0,4,0.025,32001,0.4,2,0.0,10
349,19,p03.62_v02.20e-02_rep1.npy,0.05375602521187019,3.62,0.022,1,200,0,4,0.025,32001,0.4,2,0.0,10
350,37,p03.62_v02.20e-02_rep1.npy,0.049408854654997836,3.62,0.022,1,200,0,4,0.025,32001,0.4,2,0.0,10
351,7,p03.62_v02.60e-02_rep1.npy,0.017304662284413748,3.62,0.026,1,200,0,4,0.025,32001,0.4,2,0.0,10
352,19,p03.62_v02.60e-02_rep1.npy,0.03642727725604584,3.62,0.026,1,200,0,4,0.025,32001,0.4,2,0.0,10
353,37,p03.62_v02.60e-02_rep1.npy,0.040166639893718034,3.62,0.026,1,200,0,4,0.025,32001,0.4,2,0.0,10
354,7,p03.62_v01.80e-02_rep1.npy,0.021930238990872004,3.62,0.018,1,200,0,4,0.025,32001,0.4,2,0.0,10
355,19,p03.62_v01.80e-02_rep1.npy,0.026336378981301825,3.62,0.018,1,200,0,4,0.025,32001,0.4,2,0.0,10
356,37,p03.62_v01.80e-02_rep1.npy,0.027210614931436245,3.62,0.018,1,200,0,4,0.025,32001,0.4,2,0.0,10
357,7,p03.62_v03.00e-02_rep1.npy,0.03133933742841085,3.62,0.03,1,200,0,4,0.025,32001,0.4,2,0.0,10
358,19,p03.62_v03.00e-02_rep1.npy,0.05365040567186143,3.62,0.03,1,200,0,4,0.025,32001,0.4,2,0.0,10
359,37,p03.62_v03.00e-02_rep1.npy,0.05297141273816427,3.62,0.03,1,200,0,4,0.025,32001,0.4,2,0.0,10
360,7,p03.66_v02.00e-03_rep1.npy,0.03385379968676717,3.66,0.002,1,200,0,4,0.025,32001,0.4,2,0.0,10
361,19,p03.66_v02.00e-03_rep1.npy,0.049772969214245684,3.66,0.002,1,200,0,4,0.025,32001,0.4,2,0.0,10
362,37,p03.66_v02.00e-03_rep1.npy,0.055466842604801066,3.66,0.002,1,200,0,4,0.025,32001,0.4,2,0.0,10
363,7,p03.66_v06.00e-03_rep1.npy,0.01944206887856126,3.66,0.006,1,200,0,4,0.025,32001,0.4,2,0.0,10
364,19,p03.66_v06.00e-03_rep1.npy,0.02913029812690285,3.66,0.006,1,200,0,4,0.025,32001,0.4,2,0.0,10
365,37,p03.66_v06.00e-03_rep1.npy,0.03146809887968832,3.66,0.006,1,200,0,4,0.025,32001,0.4,2,0.0,10
366,7,p03.66_v01.00e-02_rep1.npy,0.0163295976817608,3.66,0.01,1,200,0,4,0.025,32001,0.4,2,0.0,10
367,19,p03.66_v01.00e-02_rep1.npy,0.02310809865593911,3.66,0.01,1,200,0,4,0.025,32001,0.4,2,0.0,10
368,37,p03.66_v01.00e-02_rep1.npy,0.02440073341131211,3.66,0.01,1,200,0,4,0.025,32001,0.4,2,0.0,10
369,7,p03.66_v01.40e-02_rep1.npy,0.023910161868041884,3.66,0.014,1,200,0,4,0.025,32001,0.4,2,0.0,10
370,19,p03.66_v01.40e-02_rep1.npy,0.030583549975132462,3.66,0.014,1,200,0,4,0.025,32001,0.4,2,0.0,10
371,37,p03.66_v01.40e-02_rep1.npy,0.035162418320470935,3.66,0.014,1,200,0,4,0.025,32001,0.4,2,0.0,10
372,7,p03.66_v02.20e-02_rep1.npy,0.08460359016725841,3.66,0.022,1,200,0,4,0.025,32001,0.4,2,0.0,10
373,19,p03.66_v02.20e-02_rep1.npy,0.08654648607427426,3.66,0.022,1,200,0,4,0.025,32001,0.4,2,0.0,10
374,37,p03.66_v02.20e-02_rep1.npy,0.07318220724744245,3.66,0.022,1,200,0,4,0.025,32001,0.4,2,0.0,10
375,7,p03.66_v02.60e-02_rep1.npy,0.0634703145930048,3.66,0.026,1,200,0,4,0.025,32001,0.4,2,0.0,10
376,19,p03.66_v02.60e-02_rep1.npy,0.07649265097443173,3.66,0.026,1,200,0,4,0.025,32001,0.4,2,0.0,10
377,37,p03.66_v02.60e-02_rep1.npy,0.06699393663180654,3.66,0.026,1,200,0,4,0.025,32001,0.4,2,0.0,10
378,7,p03.66_v01.80e-02_rep1.npy,0.01515338289332979,3.66,0.018,1,200,0,4,0.025,32001,0.4,2,0.0,10
379,19,p03.66_v01.80e-02_rep1.npy,0.037433365704836685,3.66,0.018,1,200,0,4,0.025,32001,0.4,2,0.0,10
380,37,p03.66_v01.80e-02_rep1.npy,0.05227490615697557,3.66,0.018,1,200,0,4,0.025,32001,0.4,2,0.0,10
381,7,p03.66_v03.00e-02_rep1.npy,0.07094487879011366,3.66,0.03,1,200,0,4,0.025,32001,0.4,2,0.0,10
382,19,p03.66_v03.00e-02_rep1.npy,0.05772176716062756,3.66,0.03,1,200,0,4,0.025,32001,0.4,2,0.0,10
383,37,p03.66_v03.00e-02_rep1.npy,0.07102476888232763,3.66,0.03,1,200,0,4,0.025,32001,0.4,2,0.0,10
384,7,p03.70_v02.00e-03_rep1.npy,0.058375642402097576,3.7,0.002,1,200,0,4,0.025,32001,0.4,2,0.0,10
385,19,p03.70_v02.00e-03_rep1.npy,0.06318142404779792,3.7,0.002,1,200,0,4,0.025,32001,0.4,2,0.0,10
386,37,p03.70_v02.00e-03_rep1.npy,0.07731343503110112,3.7,0.002,1,200,0,4,0.025,32001,0.4,2,0.0,10
387,7,p03.70_v06.00e-03_rep1.npy,0.013810124558707079,3.7,0.006,1,200,0,4,0.025,32001,0.4,2,0.0,10
388,19,p03.70_v06.00e-03_rep1.npy,0.021189085156139403,3.7,0.006,1,200,0,4,0.025,32001,0.4,2,0.0,10
389,37,p03.70_v06.00e-03_rep1.npy,0.028331432905462063,3.7,0.006,1,200,0,4,0.025,32001,0.4,2,0.0,10
390,7,p03.70_v01.00e-02_rep1.npy,0.04967761039733889,3.7,0.01,1,200,0,4,0.025,32001,0.4,2,0.0,10
391,19,p03.70_v01.00e-02_rep1.npy,0.0547015927731991,3.7,0.01,1,200,0,4,0.025,32001,0.4,2,0.0,10
392,37,p03.70_v01.00e-02_rep1.npy,0.06429569423198703,3.7,0.01,1,200,0,4,0.025,32001,0.4,2,0.0,10
393,7,p03.70_v01.40e-02_rep1.npy,0.028600562743994667,3.7,0.014,1,200,0,4,0.025,32001,0.4,2,0.0,10
394,19,p03.70_v01.40e-02_rep1.npy,0.02796644420952214,3.7,0.014,1,200,0,4,0.025,32001,0.4,2,0.0,10
395,37,p03.70_v01.40e-02_rep1.npy,0.038753062182543235,3.7,0.014,1,200,0,4,0.025,32001,0.4,2,0.0,10
396,7,p03.70_v02.20e-02_rep1.npy,0.07861852645874025,3.7,0.022,1,200,0,4,0.025,32001,0.4,2,0.0,10
397,19,p03.70_v02.20e-02_rep1.npy,0.06622457799832683,3.7,0.022,1,200,0,4,0.025,32001,0.4,2,0.0,10
398,37,p03.70_v02.20e-02_rep1.npy,0.06240728226574985,3.7,0.022,1,200,0,4,0.025,32001,0.4,2,0.0,10
399,7,p03.70_v02.60e-02_rep1.npy,0.06907088075869186,3.7,0.026,1,200,0,4,0.025,32001,0.4,2,0.0,10
400,19,p03.70_v02.60e-02_rep1.npy,0.07850436063913202,3.7,0.026,1,200,0,4,0.025,32001,0.4,2,0.0,10
401,37,p03.70_v02.60e-02_rep1.npy,0.06865869612383423,3.7,0.026,1,200,0,4,0.025,32001,0.4,2,0.0,10
402,7,p03.70_v01.80e-02_rep1.npy,0.11907140781849995,3.7,0.018,1,200,0,4,0.025,32001,0.4,2,0.0,10
403,19,p03.70_v01.80e-02_rep1.npy,0.07945434362800037,3.7,0.018,1,200,0,4,0.025,32001,0.4,2,0.0,10
404,37,p03.70_v01.80e-02_rep1.npy,0.07259282340973988,3.7,0.018,1,200,0,4,0.025,32001,0.4,2,0.0,10
405,7,p03.70_v03.00e-02_rep1.npy,0.0795484052764045,3.7,0.03,1,200,0,4,0.025,32001,0.4,2,0.0,10
406,19,p03.70_v03.00e-02_rep1.npy,0.06807359721925524,3.7,0.03,1,200,0,4,0.025,32001,0.4,2,0.0,10
407,37,p03.70_v03.00e-02_rep1.npy,0.05964047378963895,3.7,0.03,1,200,0,4,0.025,32001,0.4,2,0.0,10
408,7,p03.74_v02.00e-03_rep1.npy,0.09395841625519097,3.74,0.002,1,200,0,4,0.025,32001,0.4,2,0.0,10
409,19,p03.74_v02.00e-03_rep1.npy,0.16849101521074772,3.74,0.002,1,200,0,4,0.025,32001,0.4,2,0.0,10
410,37,p03.74_v02.00e-03_rep1.npy,0.12795341899618504,3.74,0.002,1,200,0,4,0.025,32001,0.4,2,0.0,10
411,7,p03.74_v06.00e-03_rep1.npy,0.0387039501219988,3.74,0.006,1,200,0,4,0.025,32001,0.4,2,0.0,10
412,19,p03.74_v06.00e-03_rep1.npy,0.041775884003274984,3.74,0.006,1,200,0,4,0.025,32001,0.4,2,0.0,10
413,37,p03.74_v06.00e-03_rep1.npy,0.03960116559432614,3.74,0.006,1,200,0,4,0.025,32001,0.4,2,0.0,10
414,7,p03.74_v01.00e-02_rep1.npy,0.04188838973641397,3.74,0.01,1,200,0,4,0.025,32001,0.4,2,0.0,10
415,19,p03.74_v01.00e-02_rep1.npy,0.05663758143782618,3.74,0.01,1,200,0,4,0.025,32001,0.4,2,0.0,10
416,37,p03.74_v01.00e-02_rep1.npy,0.057353392243385336,3.74,0.01,1,200,0,4,0.025,32001,0.4,2,0.0,10
417,7,p03.74_v02.60e-02_rep1.npy,0.06829963104259336,3.74,0.026,1,200,0,4,0.025,32001,0.4,2,0.0,10
418,19,p03.74_v02.60e-02_rep1.npy,0.08534953968059386,3.74,0.026,1,200,0,4,0.025,32001,0.4,2,0.0,10
419,37,p03.74_v02.60e-02_rep1.npy,0.07028512700774969,3.74,0.026,1,200,0,4,0.025,32001,0.4,2,0.0,10
420,7,p03.74_v01.80e-02_rep1.npy,0.04641188791504615,3.74,0.018,1,200,0,4,0.025,32001,0.4,2,0.0,10
421,19,p03.74_v01.80e-02_rep1.npy,0.059414084678814774,3.74,0.018,1,200,0,4,0.025,32001,0.4,2,0.0,10
422,37,p03.74_v01.80e-02_rep1.npy,0.06739529378620199,3.74,0.018,1,200,0,4,0.025,32001,0.4,2,0.0,10
423,7,p03.74_v01.40e-02_rep1.npy,0.05910833347208647,3.74,0.014,1,200,0,4,0.025,32001,0.4,2,0.0,10
424,19,p03.74_v01.40e-02_rep1.npy,0.07924979590639779,3.74,0.014,1,200,0,4,0.025,32001,0.4,2,0.0,10
425,37,p03.74_v01.40e-02_rep1.npy,0.07846003436312388,3.74,0.014,1,200,0,4,0.025,32001,0.4,2,0.0,10
426,7,p03.74_v02.20e-02_rep1.npy,0.08483243998417185,3.74,0.022,1,200,0,4,0.025,32001,0.4,2,0.0,10
427,19,p03.74_v02.20e-02_rep1.npy,0.10273050178181044,3.74,0.022,1,200,0,4,0.025,32001,0.4,2,0.0,10
428,37,p03.74_v02.20e-02_rep1.npy,0.08987136616194548,3.74,0.022,1,200,0,4,0.025,32001,0.4,2,0.0,10
429,7,p03.74_v03.00e-02_rep1.npy,0.1454511218600803,3.74,0.03,1,200,0,4,0.025,32001,0.4,2,0.0,10
430,19,p03.74_v03.00e-02_rep1.npy,0.10634461376402113,3.74,0.03,1,200,0,4,0.025,32001,0.4,2,0.0,10
431,37,p03.74_v03.00e-02_rep1.npy,0.07660119401084052,3.74,0.03,1,200,0,4,0.025,32001,0.4,2,0.0,10
432,7,p03.78_v02.00e-03_rep1.npy,0.07111015729606153,3.78,0.002,1,200,0,4,0.025,32001,0.4,2,0.0,10
433,19,p03.78_v02.00e-03_rep1.npy,0.10998495854437353,3.78,0.002,1,200,0,4,0.025,32001,0.4,2,0.0,10
434,37,p03.78_v02.00e-03_rep1.npy,0.12156106531620027,3.78,0.002,1,200,0,4,0.025,32001,0.4,2,0.0,10
435,7,p03.78_v06.00e-03_rep1.npy,0.11964781830708188,3.78,0.006,1,200,0,4,0.025,32001,0.4,2,0.0,10
436,19,p03.78_v06.00e-03_rep1.npy,0.11902847844693397,3.78,0.006,1,200,0,4,0.025,32001,0.4,2,0.0,10
437,37,p03.78_v06.00e-03_rep1.npy,0.09302354107300442,3.78,0.006,1,200,0,4,0.025,32001,0.4,2,0.0,10
438,7,p03.78_v01.00e-02_rep1.npy,0.07749287039041522,3.78,0.01,1,200,0,4,0.025,32001,0.4,2,0.0,10
439,19,p03.78_v01.00e-02_rep1.npy,0.11849807202816015,3.78,0.01,1,200,0,4,0.025,32001,0.4,2,0.0,10
440,37,p03.78_v01.00e-02_rep1.npy,0.13506197929382327,3.78,0.01,1,200,0,4,0.025,32001,0.4,2,0.0,10
441,7,p03.78_v01.40e-02_rep1.npy,0.1196141905930578,3.78,0.014,1,200,0,4,0.025,32001,0.4,2,0.0,10
442,19,p03.78_v01.40e-02_rep1.npy,0.09872786396620227,3.78,0.014,1,200,0,4,0.025,32001,0.4,2,0.0,10
443,37,p03.78_v01.40e-02_rep1.npy,0.11329299637249544,3.78,0.014,1,200,0,4,0.025,32001,0.4,2,0.0,10
444,7,p03.78_v01.80e-02_rep1.npy,0.09441424483134428,3.78,0.018,1,200,0,4,0.025,32001,0.4,2,0.0,10
445,19,p03.78_v01.80e-02_rep1.npy,0.1311406769134381,3.78,0.018,1,200,0,4,0.025,32001,0.4,2,0.0,10
446,37,p03.78_v01.80e-02_rep1.npy,0.13924632911328924,3.78,0.018,1,200,0,4,0.025,32001,0.4,2,0.0,10
447,7,p03.78_v02.20e-02_rep1.npy,0.12768626459373916,3.78,0.022,1,200,0,4,0.025,32001,0.4,2,0.0,10
448,19,p03.78_v02.20e-02_rep1.npy,0.10162968157736724,3.78,0.022,1,200,0,4,0.025,32001,0.4,2,0.0,10
449,37,p03.78_v02.20e-02_rep1.npy,0.09866827898774268,3.78,0.022,1,200,0,4,0.025,32001,0.4,2,0.0,10
450,7,p03.78_v02.60e-02_rep1.npy,0.06864694272272688,3.78,0.026,1,200,0,4,0.025,32001,0.4,2,0.0,10
451,19,p03.78_v02.60e-02_rep1.npy,0.0997316378813524,3.78,0.026,1,200,0,4,0.025,32001,0.4,2,0.0,10
452,37,p03.78_v02.60e-02_rep1.npy,0.07174076325089271,3.78,0.026,1,200,0,4,0.025,32001,0.4,2,0.0,10
453,7,p03.78_v03.00e-02_rep1.npy,0.06303894519805907,3.78,0.03,1,200,0,4,0.025,32001,0.4,2,0.0,10
454,19,p03.78_v03.00e-02_rep1.npy,0.06538634830050999,3.78,0.03,1,200,0,4,0.025,32001,0.4,2,0.0,10
455,37,p03.78_v03.00e-02_rep1.npy,0.06995199786292182,3.78,0.03,1,200,0,4,0.025,32001,0.4,2,0.0,10
456,7,p03.82_v02.00e-03_rep1.npy,0.3234753385186196,3.82,0.002,1,200,0,4,0.025,32001,0.4,2,0.0,10
457,19,p03.82_v02.00e-03_rep1.npy,0.2499818801879883,3.82,0.002,1,200,0,4,0.025,32001,0.4,2,0.0,10
458,37,p03.82_v02.00e-03_rep1.npy,0.2316256053745747,3.82,0.002,1,200,0,4,0.025,32001,0.4,2,0.0,10
459,7,p03.82_v01.00e-02_rep1.npy,0.22257277369499207,3.82,0.01,1,200,0,4,0.025,32001,0.4,2,0.0,10
460,19,p03.82_v01.00e-02_rep1.npy,0.1931512206792832,3.82,0.01,1,200,0,4,0.025,32001,0.4,2,0.0,10
461,37,p03.82_v01.00e-02_rep1.npy,0.16344515979290014,3.82,0.01,1,200,0,4,0.025,32001,0.4,2,0.0,10
462,7,p03.82_v06.00e-03_rep1.npy,0.22454578429460528,3.82,0.006,1,200,0,4,0.025,32001,0.4,2,0.0,10
463,19,p03.82_v06.00e-03_rep1.npy,0.19006023390425575,3.82,0.006,1,200,0,4,0.025,32001,0.4,2,0.0,10
464,37,p03.82_v06.00e-03_rep1.npy,0.1863121572468016,3.82,0.006,1,200,0,4,0.025,32001,0.4,2,0.0,10
465,7,p03.82_v01.40e-02_rep1.npy,0.19573094893474974,3.82,0.014,1,200,0,4,0.025,32001,0.4,2,0.0,10
466,19,p03.82_v01.40e-02_rep1.npy,0.14816616870919058,3.82,0.014,1,200,0,4,0.025,32001,0.4,2,0.0,10
467,37,p03.82_v01.40e-02_rep1.npy,0.13762429660680348,3.82,0.014,1,200,0,4,0.025,32001,0.4,2,0.0,10
468,7,p03.82_v02.20e-02_rep1.npy,0.1139977377308302,3.82,0.022,1,200,0,4,0.025,32001,0.4,2,0.0,10
469,19,p03.82_v02.20e-02_rep1.npy,0.08429159556538607,3.82,0.022,1,200,0,4,0.025,32001,0.4,2,0.0,10
470,37,p03.82_v02.20e-02_rep1.npy,0.09394128583679516,3.82,0.022,1,200,0,4,0.025,32001,0.4,2,0.0,10
471,7,p03.82_v01.80e-02_rep1.npy,0.1980041464169821,3.82,0.018,1,200,0,4,0.025,32001,0.4,2,0.0,10
472,19,p03.82_v01.80e-02_rep1.npy,0.1625028289394615,3.82,0.018,1,200,0,4,0.025,32001,0.4,2,0.0,10
473,37,p03.82_v01.80e-02_rep1.npy,0.13963355694288096,3.82,0.018,1,200,0,4,0.025,32001,0.4,2,0.0,10
474,7,p03.82_v02.60e-02_rep1.npy,0.05701967685885687,3.82,0.026,1,200,0,4,0.025,32001,0.4,2,0.0,10
475,19,p03.82_v02.60e-02_rep1.npy,0.05392131544429172,3.82,0.026,1,200,0,4,0.025,32001,0.4,2,0.0,10
476,37,p03.82_v02.60e-02_rep1.npy,0.07671359375383731,3.82,0.026,1,200,0,4,0.025,32001,0.4,2,0.0,10
477,7,p03.82_v03.00e-02_rep1.npy,0.07246950599882337,3.82,0.03,1,200,0,4,0.025,32001,0.4,2,0.0,10
478,19,p03.82_v03.00e-02_rep1.npy,0.06749320692486234,3.82,0.03,1,200,0,4,0.025,32001,0.4,2,0.0,10
479,37,p03.82_v03.00e-02_rep1.npy,0.06709147824181451,3.82,0.03,1,200,0,4,0.025,32001,0.4,2,0.0,10
480,7,p03.86_v01.00e-02_rep1.npy,0.19055843353271493,3.86,0.01,1,200,0,4,0.025,32001,0.4,2,0.0,10
481,19,p03.86_v01.00e-02_rep1.npy,0.18979854881763464,3.86,0.01,1,200,0,4,0.025,32001,0.4,2,0.0,10
482,37,p03.86_v01.00e-02_rep1.npy,0.17289976775646215,3.86,0.01,1,200,0,4,0.025,32001,0.4,2,0.0,10
483,7,p03.86_v06.00e-03_rep1.npy,0.2433793412314521,3.86,0.006,1,200,0,4,0.025,32001,0.4,2,0.0,10
484,19,p03.86_v06.00e-03_rep1.npy,0.2028024651938015,3.86,0.006,1,200,0,4,0.025,32001,0.4,2,0.0,10
485,37,p03.86_v06.00e-03_rep1.npy,0.29072529739803743,3.86,0.006,1,200,0,4,0.025,32001,0.4,2,0.0,10
486,7,p03.86_v02.00e-03_rep1.npy,1.065261196345091,3.86,0.002,1,200,0,4,0.025,32001,0.4,2,0.0,10
487,19,p03.86_v02.00e-03_rep1.npy,1.1829342693090439,3.86,0.002,1,200,0,4,0.025,32001,0.4,2,0.0,10
488,37,p03.86_v02.00e-03_rep1.npy,0.9339462965726854,3.86,0.002,1,200,0,4,0.025,32001,0.4,2,0.0,10
489,7,p03.86_v01.40e-02_rep1.npy,0.10739690339078713,3.86,0.014,1,200,0,4,0.025,32001,0.4,2,0.0,10
490,19,p03.86_v01.40e-02_rep1.npy,0.14324597254091387,3.86,0.014,1,200,0,4,0.025,32001,0.4,2,0.0,10
491,37,p03.86_v01.40e-02_rep1.npy,0.15109181404113775,3.86,0.014,1,200,0,4,0.025,32001,0.4,2,0.0,10
492,7,p03.86_v02.60e-02_rep1.npy,0.11270211116802065,3.86,0.026,1,200,0,4,0.025,32001,0.4,2,0.0,10
493,19,p03.86_v02.60e-02_rep1.npy,0.09241653440972056,3.86,0.026,1,200,0,4,0.025,32001,0.4,2,0.0,10
494,37,p03.86_v02.60e-02_rep1.npy,0.0957417064869898,3.86,0.026,1,200,0,4,0.025,32001,0.4,2,0.0,10
495,7,p03.86_v02.20e-02_rep1.npy,0.10865888566025034,3.86,0.022,1,200,0,4,0.025,32001,0.4,2,0.0,10
496,19,p03.86_v02.20e-02_rep1.npy,0.09493280417663008,3.86,0.022,1,200,0,4,0.025,32001,0.4,2,0.0,10
497,37,p03.86_v02.20e-02_rep1.npy,0.0980365374856744,3.86,0.022,1,200,0,4,0.025,32001,0.4,2,0.0,10
498,7,p03.86_v01.80e-02_rep1.npy,0.10592192411422736,3.86,0.018,1,200,0,4,0.025,32001,0.4,2,0.0,10
499,19,p03.86_v01.80e-02_rep1.npy,0.11305661849033692,3.86,0.018,1,200,0,4,0.025,32001,0.4,2,0.0,10
500,37,p03.86_v01.80e-02_rep1.npy,0.10005296380431568,3.86,0.018,1,200,0,4,0.025,32001,0.4,2,0.0,10
501,7,p03.86_v03.00e-02_rep1.npy,0.10839121871524388,3.86,0.03,1,200,0,4,0.025,32001,0.4,2,0.0,10
502,19,p03.86_v03.00e-02_rep1.npy,0.09226924180984497,3.86,0.03,1,200,0,4,0.025,32001,0.4,2,0.0,10
503,37,p03.86_v03.00e-02_rep1.npy,0.07438333829243979,3.86,0.03,1,200,0,4,0.025,32001,0.4,2,0.0,10
504,7,p03.90_v06.00e-03_rep1.npy,0.1826832277907266,3.9,0.006,1,200,0,4,0.025,32001,0.4,2,0.0,10
505,19,p03.90_v06.00e-03_rep1.npy,0.20536507169405624,3.9,0.006,1,200,0,4,0.025,32001,0.4,2,0.0,10
506,37,p03.90_v06.00e-03_rep1.npy,0.2416771526137988,3.9,0.006,1,200,0,4,0.025,32001,0.4,2,0.0,10
507,7,p03.90_v01.00e-02_rep1.npy,0.2516795694828034,3.9,0.01,1,200,0,4,0.025,32001,0.4,2,0.0,10
508,19,p03.90_v01.00e-02_rep1.npy,0.29523760080337536,3.9,0.01,1,200,0,4,0.025,32001,0.4,2,0.0,10
509,37,p03.90_v01.00e-02_rep1.npy,0.2697486281394959,3.9,0.01,1,200,0,4,0.025,32001,0.4,2,0.0,10
510,7,p03.90_v01.40e-02_rep1.npy,0.2572018577128042,3.9,0.014,1,200,0,4,0.025,32001,0.4,2,0.0,10
511,19,p03.90_v01.40e-02_rep1.npy,0.18956851290196794,3.9,0.014,1,200,0,4,0.025,32001,0.4,2,0.0,10
512,37,p03.90_v01.40e-02_rep1.npy,0.18880187856907754,3.9,0.014,1,200,0,4,0.025,32001,0.4,2,0.0,10
513,7,p03.90_v02.00e-03_rep1.npy,0.4097344819456339,3.9,0.002,1,200,0,4,0.025,32001,0.4,2,0.0,10
514,19,p03.90_v02.00e-03_rep1.npy,0.4007885232567787,3.9,0.002,1,200,0,4,0.025,32001,0.4,2,0.0,10
515,37,p03.90_v02.00e-03_rep1.npy,0.6425775587558747,3.9,0.002,1,200,0,4,0.025,32001,0.4,2,0.0,10
516,7,p03.90_v01.80e-02_rep1.npy,0.2028812780792332,3.9,0.018,1,200,0,4,0.025,32001,0.4,2,0.0,10
517,19,p03.90_v01.80e-02_rep1.npy,0.16794239665255142,3.9,0.018,1,200,0,4,0.025,32001,0.4,2,0.0,10
518,37,p03.90_v01.80e-02_rep1.npy,0.1582310523515867,3.9,0.018,1,200,0,4,0.025,32001,0.4,2,0.0,10
519,7,p03.90_v02.60e-02_rep1.npy,0.11464859077916348,3.9,0.026,1,200,0,4,0.025,32001,0.4,2,0.0,10
520,19,p03.90_v02.60e-02_rep1.npy,0.1199427000164281,3.9,0.026,1,200,0,4,0.025,32001,0.4,2,0.0,10
521,37,p03.90_v02.60e-02_rep1.npy,0.10264465618415702,3.9,0.026,1,200,0,4,0.025,32001,0.4,2,0.0,10
522,7,p03.90_v02.20e-02_rep1.npy,0.153690835168539,3.9,0.022,1,200,0,4,0.025,32001,0.4,2,0.0,10
523,19,p03.90_v02.20e-02_rep1.npy,0.12841530082639585,3.9,0.022,1,200,0,4,0.025,32001,0.4,2,0.0,10
524,37,p03.90_v02.20e-02_rep1.npy,0.12965342722648435,3.9,0.022,1,200,0,4,0.025,32001,0.4,2,0.0,10
525,7,p03.90_v03.00e-02_rep1.npy,0.109085222085317,3.9,0.03,1,200,0,4,0.025,32001,0.4,2,0.0,10
526,19,p03.90_v03.00e-02_rep1.npy,0.10735216405656604,3.9,0.03,1,200,0,4,0.025,32001,0.4,2,0.0,10
527,37,p03.90_v03.00e-02_rep1.npy,0.10519881380928887,3.9,0.03,1,200,0,4,0.025,32001,0.4,2,0.0,10
528,7,p03.50_v02.00e-03_rep2.npy,0.030259389313869182,3.5,0.002,2,200,0,4,0.025,32001,0.4,2,0.0,10
529,19,p03.50_v02.00e-03_rep2.npy,0.02220883761765436,3.5,0.002,2,200,0,4,0.025,32001,0.4,2,0.0,10
530,37,p03.50_v02.00e-03_rep2.npy,0.01983612164622173,3.5,0.002,2,200,0,4,0.025,32001,0.4,2,0.0,10
531,7,p03.50_v06.00e-03_rep2.npy,0.028906149479250118,3.5,0.006,2,200,0,4,0.025,32001,0.4,2,0.0,10
532,19,p03.50_v06.00e-03_rep2.npy,0.02131979886649384,3.5,0.006,2,200,0,4,0.025,32001,0.4,2,0.0,10
533,37,p03.50_v06.00e-03_rep2.npy,0.01899839715204305,3.5,0.006,2,200,0,4,0.025,32001,0.4,2,0.0,10
534,7,p03.50_v01.00e-02_rep2.npy,0.0267597045749426,3.5,0.01,2,200,0,4,0.025,32001,0.4,2,0.0,10
535,19,p03.50_v01.00e-02_rep2.npy,0.01975197158753873,3.5,0.01,2,200,0,4,0.025,32001,0.4,2,0.0,10
536,37,p03.50_v01.00e-02_rep2.npy,0.01751501299440861,3.5,0.01,2,200,0,4,0.025,32001,0.4,2,0.0,10
537,7,p03.50_v01.40e-02_rep2.npy,0.024979162429060262,3.5,0.014,2,200,0,4,0.025,32001,0.4,2,0.0,10
538,19,p03.50_v01.40e-02_rep2.npy,0.01881849590917024,3.5,0.014,2,200,0,4,0.025,32001,0.4,2,0.0,10
539,37,p03.50_v01.40e-02_rep2.npy,0.016749260604989782,3.5,0.014,2,200,0,4,0.025,32001,0.4,2,0.0,10
540,7,p03.50_v01.80e-02_rep2.npy,0.0226706013451388,3.5,0.018,2,200,0,4,0.025,32001,0.4,2,0.0,10
541,19,p03.50_v01.80e-02_rep2.npy,0.017597005461101187,3.5,0.018,2,200,0,4,0.025,32001,0.4,2,0.0,10
542,37,p03.50_v01.80e-02_rep2.npy,0.015563259108199022,3.5,0.018,2,200,0,4,0.025,32001,0.4,2,0.0,10
543,7,p03.50_v02.20e-02_rep2.npy,0.01994560911389422,3.5,0.022,2,200,0,4,0.025,32001,0.4,2,0.0,10
544,19,p03.50_v02.20e-02_rep2.npy,0.015984303202510868,3.5,0.022,2,200,0,4,0.025,32001,0.4,2,0.0,10
545,37,p03.50_v02.20e-02_rep2.npy,0.01502396030859514,3.5,0.022,2,200,0,4,0.025,32001,0.4,2,0.0,10
546,7,p03.50_v02.60e-02_rep2.npy,0.043015190835535184,3.5,0.026,2,200,0,4,0.025,32001,0.4,2,0.0,10
547,19,p03.50_v02.60e-02_rep2.npy,0.03857937084852593,3.5,0.026,2,200,0,4,0.025,32001,0.4,2,0.0,10
548,37,p03.50_v02.60e-02_rep2.npy,0.031974680236810785,3.5,0.026,2,200,0,4,0.025,32001,0.4,2,0.0,10
549,7,p03.50_v03.00e-02_rep2.npy,0.07039143641789754,3.5,0.03,2,200,0,4,0.025,32001,0.4,2,0.0,10
550,19,p03.50_v03.00e-02_rep2.npy,0.0473924544122484,3.5,0.03,2,200,0,4,0.025,32001,0.4,2,0.0,10
551,37,p03.50_v03.00e-02_rep2.npy,0.035420255528555974,3.5,0.03,2,200,0,4,0.025,32001,0.4,2,0.0,10
552,7,p03.54_v02.00e-03_rep2.npy,0.012343699927441776,3.54,0.002,2,200,0,4,0.025,32001,0.4,2,0.0,10
553,19,p03.54_v02.00e-03_rep2.npy,0.011753468425013128,3.54,0.002,2,200,0,4,0.025,32001,0.4,2,0.0,10
554,37,p03.54_v02.00e-03_rep2.npy,0.009430945647181943,3.54,0.002,2,200,0,4,0.025,32001,0.4,2,0.0,10
555,7,p03.54_v01.00e-02_rep2.npy,0.00975417904555798,3.54,0.01,2,200,0,4,0.025,32001,0.4,2,0.0,10
556,19,p03.54_v01.00e-02_rep2.npy,0.008834902197122577,3.54,0.01,2,200,0,4,0.025,32001,0.4,2,0.0,10
557,37,p03.54_v01.00e-02_rep2.npy,0.0070824548602104204,3.54,0.01,2,200,0,4,0.025,32001,0.4,2,0.0,10
558,7,p03.54_v02.20e-02_rep2.npy,0.004973678180008882,3.54,0.022,2,200,0,4,0.025,32001,0.4,2,0.0,10
559,19,p03.54_v02.20e-02_rep2.npy,0.005201549338530904,3.54,0.022,2,200,0,4,0.025,32001,0.4,2,0.0,10
560,37,p03.54_v02.20e-02_rep2.npy,0.0049524574948490154,3.54,0.022,2,200,0,4,0.025,32001,0.4,2,0.0,10
561,7,p03.54_v06.00e-03_rep2.npy,0.011226219228572318,3.54,0.006,2,200,0,4,0.025,32001,0.4,2,0.0,10
562,19,p03.54_v06.00e-03_rep2.npy,0.010500198954509366,3.54,0.006,2,200,0,4,0.025,32001,0.4,2,0.0,10
563,37,p03.54_v06.00e-03_rep2.npy,0.008218461233708596,3.54,0.006,2,200,0,4,0.025,32001,0.4,2,0.0,10
564,7,p03.54_v01.40e-02_rep2.npy,0.008624272268949726,3.54,0.014,2,200,0,4,0.025,32001,0.4,2,0.0,10
565,19,p03.54_v01.40e-02_rep2.npy,0.007717307580977072,3.54,0.014,2,200,0,4,0.025,32001,0.4,2,0.0,10
566,37,p03.54_v01.40e-02_rep2.npy,0.006026799828574368,3.54,0.014,2,200,0,4,0.025,32001,0.4,2,0.0,10
567,7,p03.54_v01.80e-02_rep2.npy,0.007322158112570095,3.54,0.018,2,200,0,4,0.025,32001,0.4,2,0.0,10
568,19,p03.54_v01.80e-02_rep2.npy,0.006705649588027122,3.54,0.018,2,200,0,4,0.025,32001,0.4,2,0.0,10
569,37,p03.54_v01.80e-02_rep2.npy,0.005267815733397451,3.54,0.018,2,200,0,4,0.025,32001,0.4,2,0.0,10
570,7,p03.54_v02.60e-02_rep2.npy,0.01843473240292285,3.54,0.026,2,200,0,4,0.025,32001,0.4,2,0.0,10
571,19,p03.54_v02.60e-02_rep2.npy,0.016959262846489638,3.54,0.026,2,200,0,4,0.025,32001,0.4,2,0.0,10
572,37,p03.54_v02.60e-02_rep2.npy,0.013709223702461769,3.54,0.026,2,200,0,4,0.025,32001,0.4,2,0.0,10
573,7,p03.54_v03.00e-02_rep2.npy,0.03106410304705302,3.54,0.03,2,200,0,4,0.025,32001,0.4,2,0.0,10
574,19,p03.54_v03.00e-02_rep2.npy,0.019401924477683172,3.54,0.03,2,200,0,4,0.025,32001,0.4,2,0.0,10
575,37,p03.54_v03.00e-02_rep2.npy,0.016763930519421898,3.54,0.03,2,200,0,4,0.025,32001,0.4,2,0.0,10
576,7,p03.58_v02.00e-03_rep2.npy,0.012206357496324928,3.58,0.002,2,200,0,4,0.025,32001,0.4,2,0.0,10
577,19,p03.58_v02.00e-03_rep2.npy,0.009259865328203887,3.58,0.002,2,200,0,4,0.025,32001,0.4,2,0.0,10
578,37,p03.58_v02.00e-03_rep2.npy,0.008929718023864552,3.58,0.002,2,200,0,4,0.025,32001,0.4,2,0.0,10
579,7,p03.58_v06.00e-03_rep2.npy,0.010488259916504223,3.58,0.006,2,200,0,4,0.025,32001,0.4,2,0.0,10
580,19,p03.58_v06.00e-03_rep2.npy,0.007582448112467927,3.58,0.006,2,200,0,4,0.025,32001,0.4,2,0.0,10
581,37,p03.58_v06.00e-03_rep2.npy,0.0069465546403080225,3.58,0.006,2,200,0,4,0.025,32001,0.4,2,0.0,10
582,7,p03.58_v01.80e-02_rep2.npy,0.007631990161758884,3.58,0.018,2,200,0,4,0.025,32001,0.4,2,0.0,10
583,19,p03.58_v01.80e-02_rep2.npy,0.0057305381805808474,3.58,0.018,2,200,0,4,0.025,32001,0.4,2,0.0,10
584,37,p03.58_v01.80e-02_rep2.npy,0.005520499069933541,3.58,0.018,2,200,0,4,0.025,32001,0.4,2,0.0,10
585,7,p03.58_v01.00e-02_rep2.npy,0.00889678578823805,3.58,0.01,2,200,0,4,0.025,32001,0.4,2,0.0,10
586,19,p03.58_v01.00e-02_rep2.npy,0.00618403032422066,3.58,0.01,2,200,0,4,0.025,32001,0.4,2,0.0,10
587,37,p03.58_v01.00e-02_rep2.npy,0.006205766461789611,3.58,0.01,2,200,0,4,0.025,32001,0.4,2,0.0,10
588,7,p03.58_v02.20e-02_rep2.npy,0.012046121799748791,3.58,0.022,2,200,0,4,0.025,32001,0.4,2,0.0,10
589,19,p03.58_v02.20e-02_rep2.npy,0.012879806362892971,3.58,0.022,2,200,0,4,0.025,32001,0.4,2,0.0,10
590,37,p03.58_v02.20e-02_rep2.npy,0.011783604286918957,3.58,0.022,2,200,0,4,0.025,32001,0.4,2,0.0,10
591,7,p03.58_v01.40e-02_rep2.npy,0.006830449006995379,3.58,0.014,2,200,0,4,0.025,32001,0.4,2,0.0,10
592,19,p03.58_v01.40e-02_rep2.npy,0.0051999916037430574,3.58,0.014,2,200,0,4,0.025,32001,0.4,2,0.0,10
593,37,p03.58_v01.40e-02_rep2.npy,0.00552226960354922,3.58,0.014,2,200,0,4,0.025,32001,0.4,2,0.0,10
594,7,p03.58_v02.60e-02_rep2.npy,0.01675729700446835,3.58,0.026,2,200,0,4,0.025,32001,0.4,2,0.0,10
595,19,p03.58_v02.60e-02_rep2.npy,0.017774004775744225,3.58,0.026,2,200,0,4,0.025,32001,0.4,2,0.0,10
596,37,p03.58_v02.60e-02_rep2.npy,0.015953741967678074,3.58,0.026,2,200,0,4,0.025,32001,0.4,2,0.0,10
597,7,p03.58_v03.00e-02_rep2.npy,0.049750566482543945,3.58,0.03,2,200,0,4,0.025,32001,0.4,2,0.0,10
598,19,p03.58_v03.00e-02_rep2.npy,0.04184616605440776,3.58,0.03,2,200,0,4,0.025,32001,0.4,2,0.0,10
599,37,p03.58_v03.00e-02_rep2.npy,0.03930296500523885,3.58,0.03,2,200,0,4,0.025,32001,0.4,2,0.0,10
600,7,p03.62_v02.00e-03_rep2.npy,0.016123031673487283,3.62,0.002,2,200,0,4,0.025,32001,0.4,2,0.0,10
601,19,p03.62_v02.00e-03_rep2.npy,0.02499768452253193,3.62,0.002,2,200,0,4,0.025,32001,0.4,2,0.0,10
602,37,p03.62_v02.00e-03_rep2.npy,0.04794049018528312,3.62,0.002,2,200,0,4,0.025,32001,0.4,2,0.0,10
603,7,p03.62_v01.80e-02_rep2.npy,0.012023399733466871,3.62,0.018,2,200,0,4,0.025,32001,0.4,2,0.0,10
604,19,p03.62_v01.80e-02_rep2.npy,0.020078447773868663,3.62,0.018,2,200,0,4,0.025,32001,0.4,2,0.0,10
605,37,p03.62_v01.80e-02_rep2.npy,0.03428210124925333,3.62,0.018,2,200,0,4,0.025,32001,0.4,2,0.0,10
606,7,p03.62_v01.00e-02_rep2.npy,0.013340653851628307,3.62,0.01,2,200,0,4,0.025,32001,0.4,2,0.0,10
607,19,p03.62_v01.00e-02_rep2.npy,0.017962770536541946,3.62,0.01,2,200,0,4,0.025,32001,0.4,2,0.0,10
608,37,p03.62_v01.00e-02_rep2.npy,0.03048446774482728,3.62,0.01,2,200,0,4,0.025,32001,0.4,2,0.0,10
609,7,p03.62_v06.00e-03_rep2.npy,0.012074109529041584,3.62,0.006,2,200,0,4,0.025,32001,0.4,2,0.0,10
610,19,p03.62_v06.00e-03_rep2.npy,0.018923694733530286,3.62,0.006,2,200,0,4,0.025,32001,0.4,2,0.0,10
611,37,p03.62_v06.00e-03_rep2.npy,0.0344955362379551,3.62,0.006,2,200,0,4,0.025,32001,0.4,2,0.0,10
612,7,p03.62_v01.40e-02_rep2.npy,0.016770652514331203,3.62,0.014,2,200,0,4,0.025,32001,0.4,2,0.0,10
613,19,p03.62_v01.40e-02_rep2.npy,0.01977566173490214,3.62,0.014,2,200,0,4,0.025,32001,0.4,2,0.0,10
614,37,p03.62_v01.40e-02_rep2.npy,0.03099399143639877,3.62,0.014,2,200,0,4,0.025,32001,0.4,2,0.0,10
615,7,p03.62_v02.20e-02_rep2.npy,0.037566766389145335,3.62,0.022,2,200,0,4,0.025,32001,0.4,2,0.0,10
616,19,p03.62_v02.20e-02_rep2.npy,0.04302758939010053,3.62,0.022,2,200,0,4,0.025,32001,0.4,2,0.0,10
617,37,p03.62_v02.20e-02_rep2.npy,0.05062097791305259,3.62,0.022,2,200,0,4,0.025,32001,0.4,2,0.0,10
618,7,p03.62_v02.60e-02_rep2.npy,0.06530524710931725,3.62,0.026,2,200,0,4,0.025,32001,0.4,2,0.0,10
619,19,p03.62_v02.60e-02_rep2.npy,0.06475126337722918,3.62,0.026,2,200,0,4,0.025,32001,0.4,2,0.0,10
620,37,p03.62_v02.60e-02_rep2.npy,0.07672837147345914,3.62,0.026,2,200,0,4,0.025,32001,0.4,2,0.0,10
621,7,p03.62_v03.00e-02_rep2.npy,0.041219075520833336,3.62,0.03,2,200,0,4,0.025,32001,0.4,2,0.0,10
622,19,p03.62_v03.00e-02_rep2.npy,0.05110347933239407,3.62,0.03,2,200,0,4,0.025,32001,0.4,2,0.0,10
623,37,p03.62_v03.00e-02_rep2.npy,0.05007340510686239,3.62,0.03,2,200,0,4,0.025,32001,0.4,2,0.0,10
624,7,p03.66_v02.00e-03_rep2.npy,0.02667386725079269,3.66,0.002,2,200,0,4,0.025,32001,0.4,2,0.0,10
625,19,p03.66_v02.00e-03_rep2.npy,0.0319525832310319,3.66,0.002,2,200,0,4,0.025,32001,0.4,2,0.0,10
626,37,p03.66_v02.00e-03_rep2.npy,0.03425067116040737,3.66,0.002,2,200,0,4,0.025,32001,0.4,2,0.0,10
627,7,p03.66_v06.00e-03_rep2.npy,0.012860839099933706,3.66,0.006,2,200,0,4,0.025,32001,0.4,2,0.0,10
628,19,p03.66_v06.00e-03_rep2.npy,0.01343243703660038,3.66,0.006,2,200,0,4,0.025,32001,0.4,2,0.0,10
629,37,p03.66_v06.00e-03_rep2.npy,0.010967517219897777,3.66,0.006,2,200,0,4,0.025,32001,0.4,2,0.0,10
630,7,p03.66_v01.00e-02_rep2.npy,0.006380041595548394,3.66,0.01,2,200,0,4,0.025,32001,0.4,2,0.0,10
631,19,p03.66_v01.00e-02_rep2.npy,0.008782746270298961,3.66,0.01,2,200,0,4,0.025,32001,0.4,2,0.0,10
632,37,p03.66_v01.00e-02_rep2.npy,0.00930179096758366,3.66,0.01,2,200,0,4,0.025,32001,0.4,2,0.0,10
633,7,p03.66_v01.40e-02_rep2.npy,0.02172698970047796,3.66,0.014,2,200,0,4,0.025,32001,0.4,2,0.0,10
634,19,p03.66_v01.40e-02_rep2.npy,0.02308888931055459,3.66,0.014,2,200,0,4,0.025,32001,0.4,2,0.0,10
635,37,p03.66_v01.40e-02_rep2.npy,0.02224971445239321,3.66,0.014,2,200,0,4,0.025,32001,0.4,2,0.0,10
636,7,p03.66_v01.80e-02_rep2.npy,0.024693836400538332,3.66,0.018,2,200,0,4,0.025,32001,0.4,2,0.0,10
637,19,p03.66_v01.80e-02_rep2.npy,0.02603962051647682,3.66,0.018,2,200,0,4,0.025,32001,0.4,2,0.0,10
638,37,p03.66_v01.80e-02_rep2.npy,0.024556915885136463,3.66,0.018,2,200,0,4,0.025,32001,0.4,2,0.0,10
639,7,p03.66_v02.60e-02_rep2.npy,0.03727983088182982,3.66,0.026,2,200,0,4,0.025,32001,0.4,2,0.0,10
640,19,p03.66_v02.60e-02_rep2.npy,0.0395932141140368,3.66,0.026,2,200,0,4,0.025,32001,0.4,2,0.0,10
641,37,p03.66_v02.60e-02_rep2.npy,0.04401359508728842,3.66,0.026,2,200,0,4,0.025,32001,0.4,2,0.0,10
642,7,p03.66_v02.20e-02_rep2.npy,0.01904940894566292,3.66,0.022,2,200,0,4,0.025,32001,0.4,2,0.0,10
643,19,p03.66_v02.20e-02_rep2.npy,0.0310944193158268,3.66,0.022,2,200,0,4,0.025,32001,0.4,2,0.0,10
644,37,p03.66_v02.20e-02_rep2.npy,0.028229523296198576,3.66,0.022,2,200,0,4,0.025,32001,0.4,2,0.0,10
645,7,p03.66_v03.00e-02_rep2.npy,0.03426923685603672,3.66,0.03,2,200,0,4,0.025,32001,0.4,2,0.0,10
646,19,p03.66_v03.00e-02_rep2.npy,0.0398165418042077,3.66,0.03,2,200,0,4,0.025,32001,0.4,2,0.0,10
647,37,p03.66_v03.00e-02_rep2.npy,0.0397542847527398,3.66,0.03,2,200,0,4,0.025,32001,0.4,2,0.0,10
648,7,p03.70_v02.00e-03_rep2.npy,0.03942541661672295,3.7,0.002,2,200,0,4,0.025,32001,0.4,2,0.0,10
649,19,p03.70_v02.00e-03_rep2.npy,0.07990559679456055,3.7,0.002,2,200,0,4,0.025,32001,0.4,2,0.0,10
650,37,p03.70_v02.00e-03_rep2.npy,0.07200664840638638,3.7,0.002,2,200,0,4,0.025,32001,0.4,2,0.0,10
651,7,p03.70_v06.00e-03_rep2.npy,0.006654063084473213,3.7,0.006,2,200,0,4,0.025,32001,0.4,2,0.0,10
652,19,p03.70_v06.00e-03_rep2.npy,0.021568463287419744,3.7,0.006,2,200,0,4,0.025,32001,0.4,2,0.0,10
653,37,p03.70_v06.00e-03_rep2.npy,0.02585187968280581,3.7,0.006,2,200,0,4,0.025,32001,0.4,2,0.0,10
654,7,p03.70_v01.40e-02_rep2.npy,0.09095243045261933,3.7,0.014,2,200,0,4,0.025,32001,0.4,2,0.0,10
655,19,p03.70_v01.40e-02_rep2.npy,0.08125007152557377,3.7,0.014,2,200,0,4,0.025,32001,0.4,2,0.0,10
656,37,p03.70_v01.40e-02_rep2.npy,0.06897287557319721,3.7,0.014,2,200,0,4,0.025,32001,0.4,2,0.0,10
657,7,p03.70_v01.00e-02_rep2.npy,0.007614675443619492,3.7,0.01,2,200,0,4,0.025,32001,0.4,2,0.0,10
658,19,p03.70_v01.00e-02_rep2.npy,0.03273726627230645,3.7,0.01,2,200,0,4,0.025,32001,0.4,2,0.0,10
659,37,p03.70_v01.00e-02_rep2.npy,0.03428741171956064,3.7,0.01,2,200,0,4,0.025,32001,0.4,2,0.0,10
660,7,p03.70_v01.80e-02_rep2.npy,0.0950563193103414,3.7,0.018,2,200,0,4,0.025,32001,0.4,2,0.0,10
661,19,p03.70_v01.80e-02_rep2.npy,0.07410714931694083,3.7,0.018,2,200,0,4,0.025,32001,0.4,2,0.0,10
662,37,p03.70_v01.80e-02_rep2.npy,0.07087430100382114,3.7,0.018,2,200,0,4,0.025,32001,0.4,2,0.0,10
663,7,p03.70_v02.60e-02_rep2.npy,0.0920118576676183,3.7,0.026,2,200,0,4,0.025,32001,0.4,2,0.0,10
664,19,p03.70_v02.60e-02_rep2.npy,0.08381835278674701,3.7,0.026,2,200,0,4,0.025,32001,0.4,2,0.0,10
665,37,p03.70_v02.60e-02_rep2.npy,0.06952276508483665,3.7,0.026,2,200,0,4,0.025,32001,0.4,2,0.0,10
666,7,p03.70_v02.20e-02_rep2.npy,0.1359183803077572,3.7,0.022,2,200,0,4,0.025,32001,0.4,2,0.0,10
667,19,p03.70_v02.20e-02_rep2.npy,0.10294589745111704,3.7,0.022,2,200,0,4,0.025,32001,0.4,2,0.0,10
668,37,p03.70_v02.20e-02_rep2.npy,0.07705038859824505,3.7,0.022,2,200,0,4,0.025,32001,0.4,2,0.0,10
669,7,p03.70_v03.00e-02_rep2.npy,0.0906367301940918,3.7,0.03,2,200,0,4,0.025,32001,0.4,2,0.0,10
670,19,p03.70_v03.00e-02_rep2.npy,0.07052899069256252,3.7,0.03,2,200,0,4,0.025,32001,0.4,2,0.0,10
671,37,p03.70_v03.00e-02_rep2.npy,0.06415941317876181,3.7,0.03,2,200,0,4,0.025,32001,0.4,2,0.0,10
672,7,p03.74_v02.00e-03_rep2.npy,0.1019660267047584,3.74,0.002,2,200,0,4,0.025,32001,0.4,2,0.0,10
673,19,p03.74_v02.00e-03_rep2.npy,0.103214243426919,3.74,0.002,2,200,0,4,0.025,32001,0.4,2,0.0,10
674,37,p03.74_v02.00e-03_rep2.npy,0.10917012114077808,3.74,0.002,2,200,0,4,0.025,32001,0.4,2,0.0,10
675,7,p03.74_v06.00e-03_rep2.npy,0.045517361205485135,3.74,0.006,2,200,0,4,0.025,32001,0.4,2,0.0,10
676,19,p03.74_v06.00e-03_rep2.npy,0.038984798205395535,3.74,0.006,2,200,0,4,0.025,32001,0.4,2,0.0,10
677,37,p03.74_v06.00e-03_rep2.npy,0.040458719660010606,3.74,0.006,2,200,0,4,0.025,32001,0.4,2,0.0,10
678,7,p03.74_v01.00e-02_rep2.npy,0.13346661627292636,3.74,0.01,2,200,0,4,0.025,32001,0.4,2,0.0,10
679,19,p03.74_v01.00e-02_rep2.npy,0.10135105252265933,3.74,0.01,2,200,0,4,0.025,32001,0.4,2,0.0,10
680,37,p03.74_v01.00e-02_rep2.npy,0.0879558324813843,3.74,0.01,2,200,0,4,0.025,32001,0.4,2,0.0,10
681,7,p03.74_v01.40e-02_rep2.npy,0.13399510359277536,3.74,0.014,2,200,0,4,0.025,32001,0.4,2,0.0,10
682,19,p03.74_v01.40e-02_rep2.npy,0.11864850411609733,3.74,0.014,2,200,0,4,0.025,32001,0.4,2,0.0,10
683,37,p03.74_v01.40e-02_rep2.npy,0.09506353158123644,3.74,0.014,2,200,0,4,0.025,32001,0.4,2,0.0,10
684,7,p03.74_v01.80e-02_rep2.npy,0.06713781183884471,3.74,0.018,2,200,0,4,0.025,32001,0.4,2,0.0,10
685,19,p03.74_v01.80e-02_rep2.npy,0.0922426765347705,3.74,0.018,2,200,0,4,0.025,32001,0.4,2,0.0,10
686,37,p03.74_v01.80e-02_rep2.npy,0.09104501869943413,3.74,0.018,2,200,0,4,0.025,32001,0.4,2,0.0,10
687,7,p03.74_v02.20e-02_rep2.npy,0.08170511727490702,3.74,0.022,2,200,0,4,0.025,32001,0.4,2,0.0,10
688,19,p03.74_v02.20e-02_rep2.npy,0.08042858651846893,3.74,0.022,2,200,0,4,0.025,32001,0.4,2,0.0,10
689,37,p03.74_v02.20e-02_rep2.npy,0.08665169319830651,3.74,0.022,2,200,0,4,0.025,32001,0.4,2,0.0,10
690,7,p03.74_v02.60e-02_rep2.npy,0.061531289971086436,3.74,0.026,2,200,0,4,0.025,32001,0.4,2,0.0,10
691,19,p03.74_v02.60e-02_rep2.npy,0.06189563658815873,3.74,0.026,2,200,0,4,0.025,32001,0.4,2,0.0,10
692,37,p03.74_v02.60e-02_rep2.npy,0.07493204090016838,3.74,0.026,2,200,0,4,0.025,32001,0.4,2,0.0,10
693,7,p03.74_v03.00e-02_rep2.npy,0.057550410429636635,3.74,0.03,2,200,0,4,0.025,32001,0.4,2,0.0,10
694,19,p03.74_v03.00e-02_rep2.npy,0.0719015465842353,3.74,0.03,2,200,0,4,0.025,32001,0.4,2,0.0,10
695,37,p03.74_v03.00e-02_rep2.npy,0.06292544470893012,3.74,0.03,2,200,0,4,0.025,32001,0.4,2,0.0,10
696,7,p03.78_v02.00e-03_rep2.npy,0.1717823441140354,3.78,0.002,2,200,0,4,0.025,32001,0.4,2,0.0,10
697,19,p03.78_v02.00e-03_rep2.npy,0.1524178311228752,3.78,0.002,2,200,0,4,0.025,32001,0.4,2,0.0,10
698,37,p03.78_v02.00e-03_rep2.npy,0.15190111007541418,3.78,0.002,2,200,0,4,0.025,32001,0.4,2,0.0,10
699,7,p03.78_v06.00e-03_rep2.npy,0.13625801851352054,3.78,0.006,2,200,0,4,0.025,32001,0.4,2,0.0,10
700,19,p03.78_v06.00e-03_rep2.npy,0.13290376712878546,3.78,0.006,2,200,0,4,0.025,32001,0.4,2,0.0,10
701,37,p03.78_v06.00e-03_rep2.npy,0.1871491058005227,3.78,0.006,2,200,0,4,0.025,32001,0.4,2,0.0,10
702,7,p03.78_v01.00e-02_rep2.npy,0.10326559096574787,3.78,0.01,2,200,0,4,0.025,32001,0.4,2,0.0,10
703,19,p03.78_v01.00e-02_rep2.npy,0.107019953429699,3.78,0.01,2,200,0,4,0.025,32001,0.4,2,0.0,10
704,37,p03.78_v01.00e-02_rep2.npy,0.1332076340913773,3.78,0.01,2,200,0,4,0.025,32001,0.4,2,0.0,10
705,7,p03.78_v01.40e-02_rep2.npy,0.07074850858474267,3.78,0.014,2,200,0,4,0.025,32001,0.4,2,0.0,10
706,19,p03.78_v01.40e-02_rep2.npy,0.11859548335172697,3.78,0.014,2,200,0,4,0.025,32001,0.4,2,0.0,10
707,37,p03.78_v01.40e-02_rep2.npy,0.13636758132856724,3.78,0.014,2,200,0,4,0.025,32001,0.4,2,0.0,10
708,7,p03.78_v01.80e-02_rep2.npy,0.11738849642836025,3.78,0.018,2,200,0,4,0.025,32001,0.4,2,0.0,10
709,19,p03.78_v01.80e-02_rep2.npy,0.105164494411445,3.78,0.018,2,200,0,4,0.025,32001,0.4,2,0.0,10
710,37,p03.78_v01.80e-02_rep2.npy,0.10625717264634596,3.78,0.018,2,200,0,4,0.025,32001,0.4,2,0.0,10
711,7,p03.78_v02.60e-02_rep2.npy,0.07580434958610313,3.78,0.026,2,200,0,4,0.025,32001,0.4,2,0.0,10
712,19,p03.78_v02.60e-02_rep2.npy,0.10248081394906586,3.78,0.026,2,200,0,4,0.025,32001,0.4,2,0.0,10
713,37,p03.78_v02.60e-02_rep2.npy,0.09605597109484254,3.78,0.026,2,200,0,4,0.025,32001,0.4,2,0.0,10
714,7,p03.78_v02.20e-02_rep2.npy,0.12031509117646652,3.78,0.022,2,200,0,4,0.025,32001,0.4,2,0.0,10
715,19,p03.78_v02.20e-02_rep2.npy,0.11591915010420747,3.78,0.022,2,200,0,4,0.025,32001,0.4,2,0.0,10
716,37,p03.78_v02.20e-02_rep2.npy,0.10308713213471343,3.78,0.022,2,200,0,4,0.025,32001,0.4,2,0.0,10
717,7,p03.78_v03.00e-02_rep2.npy,0.07933797438939412,3.78,0.03,2,200,0,4,0.025,32001,0.4,2,0.0,10
718,19,p03.78_v03.00e-02_rep2.npy,0.07261793480979073,3.78,0.03,2,200,0,4,0.025,32001,0.4,2,0.0,10
719,37,p03.78_v03.00e-02_rep2.npy,0.07326589690314399,3.78,0.03,2,200,0,4,0.025,32001,0.4,2,0.0,10
720,7,p03.82_v02.00e-03_rep2.npy,0.08293056744150819,3.82,0.002,2,200,0,4,0.025,32001,0.4,2,0.0,10
721,19,p03.82_v02.00e-03_rep2.npy,0.2301765372976661,3.82,0.002,2,200,0,4,0.025,32001,0.4,2,0.0,10
722,37,p03.82_v02.00e-03_rep2.npy,0.3215952543541789,3.82,0.002,2,200,0,4,0.025,32001,0.4,2,0.0,10
723,7,p03.82_v06.00e-03_rep2.npy,0.1200742812620269,3.82,0.006,2,200,0,4,0.025,32001,0.4,2,0.0,10
724,19,p03.82_v06.00e-03_rep2.npy,0.1852252210179965,3.82,0.006,2,200,0,4,0.025,32001,0.4,2,0.0,10
725,37,p03.82_v06.00e-03_rep2.npy,0.183002216120561,3.82,0.006,2,200,0,4,0.025,32001,0.4,2,0.0,10
726,7,p03.82_v01.00e-02_rep2.npy,0.2999339997768403,3.82,0.01,2,200,0,4,0.025,32001,0.4,2,0.0,10
727,19,p03.82_v01.00e-02_rep2.npy,0.1974444836378098,3.82,0.01,2,200,0,4,0.025,32001,0.4,2,0.0,10
728,37,p03.82_v01.00e-02_rep2.npy,0.17025791108608251,3.82,0.01,2,200,0,4,0.025,32001,0.4,2,0.0,10
729,7,p03.82_v01.40e-02_rep2.npy,0.20231814408788884,3.82,0.014,2,200,0,4,0.025,32001,0.4,2,0.0,10
730,19,p03.82_v01.40e-02_rep2.npy,0.12724734842777258,3.82,0.014,2,200,0,4,0.025,32001,0.4,2,0.0,10
731,37,p03.82_v01.40e-02_rep2.npy,0.11787110445450767,3.82,0.014,2,200,0,4,0.025,32001,0.4,2,0.0,10
732,7,p03.82_v02.20e-02_rep2.npy,0.10543428669291097,3.82,0.022,2,200,0,4,0.025,32001,0.4,2,0.0,10
733,19,p03.82_v02.20e-02_rep2.npy,0.1354497203156968,3.82,0.022,2,200,0,4,0.025,32001,0.4,2,0.0,10
734,37,p03.82_v02.20e-02_rep2.npy,0.13330713037616956,3.82,0.022,2,200,0,4,0.025,32001,0.4,2,0.0,10
735,7,p03.82_v01.80e-02_rep2.npy,0.20544177588121398,3.82,0.018,2,200,0,4,0.025,32001,0.4,2,0.0,10
736,19,p03.82_v01.80e-02_rep2.npy,0.1530669261643917,3.82,0.018,2,200,0,4,0.025,32001,0.4,2,0.0,10
737,37,p03.82_v01.80e-02_rep2.npy,0.1311107642120786,3.82,0.018,2,200,0,4,0.025,32001,0.4,2,0.0,10
738,7,p03.82_v02.60e-02_rep2.npy,0.08763718534503467,3.82,0.026,2,200,0,4,0.025,32001,0.4,2,0.0,10
739,19,p03.82_v02.60e-02_rep2.npy,0.09472304900017016,3.82,0.026,2,200,0,4,0.025,32001,0.4,2,0.0,10
740,37,p03.82_v02.60e-02_rep2.npy,0.09058091414750684,3.82,0.026,2,200,0,4,0.025,32001,0.4,2,0.0,10
741,7,p03.82_v03.00e-02_rep2.npy,0.1217855215072632,3.82,0.03,2,200,0,4,0.025,32001,0.4,2,0.0,10
742,19,p03.82_v03.00e-02_rep2.npy,0.09020515945222644,3.82,0.03,2,200,0,4,0.025,32001,0.4,2,0.0,10
743,37,p03.82_v03.00e-02_rep2.npy,0.07514536380767822,3.82,0.03,2,200,0,4,0.025,32001,0.4,2,0.0,10
744,7,p03.86_v02.00e-03_rep2.npy,0.8835989050567151,3.86,0.002,2,200,0,4,0.025,32001,0.4,2,0.0,10
745,19,p03.86_v02.00e-03_rep2.npy,0.7197850849479438,3.86,0.002,2,200,0,4,0.025,32001,0.4,2,0.0,10
746,37,p03.86_v02.00e-03_rep2.npy,0.6795639172196388,3.86,0.002,2,200,0,4,0.025,32001,0.4,2,0.0,10
747,7,p03.86_v06.00e-03_rep2.npy,0.2371374103758071,3.86,0.006,2,200,0,4,0.025,32001,0.4,2,0.0,10
748,19,p03.86_v06.00e-03_rep2.npy,0.1934707578685549,3.86,0.006,2,200,0,4,0.025,32001,0.4,2,0.0,10
749,37,p03.86_v06.00e-03_rep2.npy,0.2235917581452264,3.86,0.006,2,200,0,4,0.025,32001,0.4,2,0.0,10
750,7,p03.86_v01.00e-02_rep2.npy,0.17582750320434576,3.86,0.01,2,200,0,4,0.025,32001,0.4,2,0.0,10
751,19,p03.86_v01.00e-02_rep2.npy,0.2530790269374848,3.86,0.01,2,200,0,4,0.025,32001,0.4,2,0.0,10
752,37,p03.86_v01.00e-02_rep2.npy,0.21349090337753304,3.86,0.01,2,200,0,4,0.025,32001,0.4,2,0.0,10
753,7,p03.86_v01.40e-02_rep2.npy,0.18053249436981836,3.86,0.014,2,200,0,4,0.025,32001,0.4,2,0.0,10
754,19,p03.86_v01.40e-02_rep2.npy,0.1905821111737466,3.86,0.014,2,200,0,4,0.025,32001,0.4,2,0.0,10
755,37,p03.86_v01.40e-02_rep2.npy,0.15524869062462635,3.86,0.014,2,200,0,4,0.025,32001,0.4,2,0.0,10
756,7,p03.86_v01.80e-02_rep2.npy,0.1018620751522206,3.86,0.018,2,200,0,4,0.025,32001,0.4,2,0.0,10
757,19,p03.86_v01.80e-02_rep2.npy,0.1119465095761382,3.86,0.018,2,200,0,4,0.025,32001,0.4,2,0.0,10
758,37,p03.86_v01.80e-02_rep2.npy,0.11897489980415067,3.86,0.018,2,200,0,4,0.025,32001,0.4,2,0.0,10
759,7,p03.86_v02.20e-02_rep2.npy,0.11125811614280892,3.86,0.022,2,200,0,4,0.025,32001,0.4,2,0.0,10
760,19,p03.86_v02.20e-02_rep2.npy,0.10001036253842442,3.86,0.022,2,200,0,4,0.025,32001,0.4,2,0.0,10
761,37,p03.86_v02.20e-02_rep2.npy,0.10294432728743752,3.86,0.022,2,200,0,4,0.025,32001,0.4,2,0.0,10
762,7,p03.86_v02.60e-02_rep2.npy,0.10535312298486928,3.86,0.026,2,200,0,4,0.025,32001,0.4,2,0.0,10
763,19,p03.86_v02.60e-02_rep2.npy,0.10780223022551233,3.86,0.026,2,200,0,4,0.025,32001,0.4,2,0.0,10
764,37,p03.86_v02.60e-02_rep2.npy,0.09819511654814324,3.86,0.026,2,200,0,4,0.025,32001,0.4,2,0.0,10
765,7,p03.86_v03.00e-02_rep2.npy,0.09258065621058144,3.86,0.03,2,200,0,4,0.025,32001,0.4,2,0.0,10
766,19,p03.86_v03.00e-02_rep2.npy,0.09016566144095528,3.86,0.03,2,200,0,4,0.025,32001,0.4,2,0.0,10
767,37,p03.86_v03.00e-02_rep2.npy,0.07268555959065756,3.86,0.03,2,200,0,4,0.025,32001,0.4,2,0.0,10
768,7,p03.90_v02.00e-03_rep2.npy,1.213743630796671,3.9,0.002,2,200,0,4,0.025,32001,0.4,2,0.0,10
769,19,p03.90_v02.00e-03_rep2.npy,1.1631734669208529,3.9,0.002,2,200,0,4,0.025,32001,0.4,2,0.0,10
770,37,p03.90_v02.00e-03_rep2.npy,1.0864360257983208,3.9,0.002,2,200,0,4,0.025,32001,0.4,2,0.0,10
771,7,p03.90_v01.40e-02_rep2.npy,0.09422394998219552,3.9,0.014,2,200,0,4,0.025,32001,0.4,2,0.0,10
772,19,p03.90_v01.40e-02_rep2.npy,0.16152883062557305,3.9,0.014,2,200,0,4,0.025,32001,0.4,2,0.0,10
773,37,p03.90_v01.40e-02_rep2.npy,0.16802269585278576,3.9,0.014,2,200,0,4,0.025,32001,0.4,2,0.0,10
774,7,p03.90_v06.00e-03_rep2.npy,0.4211412535773384,3.9,0.006,2,200,0,4,0.025,32001,0.4,2,0.0,10
775,19,p03.90_v06.00e-03_rep2.npy,0.2521730752454864,3.9,0.006,2,200,0,4,0.025,32001,0.4,2,0.0,10
776,37,p03.90_v06.00e-03_rep2.npy,0.19742767843935227,3.9,0.006,2,200,0,4,0.025,32001,0.4,2,0.0,10
777,7,p03.90_v01.00e-02_rep2.npy,0.3289219439029695,3.9,0.01,2,200,0,4,0.025,32001,0.4,2,0.0,10
778,19,p03.90_v01.00e-02_rep2.npy,0.251299023628235,3.9,0.01,2,200,0,4,0.025,32001,0.4,2,0.0,10
779,37,p03.90_v01.00e-02_rep2.npy,0.2110452950000764,3.9,0.01,2,200,0,4,0.025,32001,0.4,2,0.0,10
780,7,p03.90_v01.80e-02_rep2.npy,0.23089382383558496,3.9,0.018,2,200,0,4,0.025,32001,0.4,2,0.0,10
781,19,p03.90_v01.80e-02_rep2.npy,0.1750615827831222,3.9,0.018,2,200,0,4,0.025,32001,0.4,2,0.0,10
782,37,p03.90_v01.80e-02_rep2.npy,0.1919317944550221,3.9,0.018,2,200,0,4,0.025,32001,0.4,2,0.0,10
783,7,p03.90_v02.20e-02_rep2.npy,0.12970848763284604,3.9,0.022,2,200,0,4,0.025,32001,0.4,2,0.0,10
784,19,p03.90_v02.20e-02_rep2.npy,0.1214089965032152,3.9,0.022,2,200,0,4,0.025,32001,0.4,2,0.0,10
785,37,p03.90_v02.20e-02_rep2.npy,0.12091879755997463,3.9,0.022,2,200,0,4,0.025,32001,0.4,2,0.0,10
786,7,p03.90_v02.60e-02_rep2.npy,0.15173102977007813,3.9,0.026,2,200,0,4,0.025,32001,0.4,2,0.0,10
787,19,p03.90_v02.60e-02_rep2.npy,0.11678190802681382,3.9,0.026,2,200,0,4,0.025,32001,0.4,2,0.0,10
788,37,p03.90_v02.60e-02_rep2.npy,0.10633555918755623,3.9,0.026,2,200,0,4,0.025,32001,0.4,2,0.0,10
789,7,p03.90_v03.00e-02_rep2.npy,0.10128200716442533,3.9,0.03,2,200,0,4,0.025,32001,0.4,2,0.0,10
790,19,p03.90_v03.00e-02_rep2.npy,0.08004706435733372,3.9,0.03,2,200,0,4,0.025,32001,0.4,2,0.0,10
791,37,p03.90_v03.00e-02_rep2.npy,0.07153692510392931,3.9,0.03,2,200,0,4,0.025,32001,0.4,2,0.0,10
