,file,file_idx,frame
0,10000_A_BF.tiff,0,0
1,10000_A_BF.tiff,0,5
2,10000_A_BF.tiff,0,10
3,10000_A_BF.tiff,0,15
4,10000_A_BF.tiff,0,20
5,10000_A_BF.tiff,0,25
6,10000_A_BF.tiff,0,30
7,10000_A_BF.tiff,0,35
8,10000_A_BF.tiff,0,40
9,10000_A_BF.tiff,0,45
10,10000_A_BF.tiff,0,50
11,10000_A_BF.tiff,0,55
12,10000_A_BF.tiff,0,60
13,10000_A_BF.tiff,0,65
14,10000_A_BF.tiff,0,70
15,10000_A_BF.tiff,0,75
16,10000_A_BF.tiff,0,80
17,10000_A_BF.tiff,0,85
18,10000_A_BF.tiff,0,90
19,10000_A_BF.tiff,0,95
20,10000_A_BF.tiff,0,100
21,10000_A_BF.tiff,0,105
22,10000_A_BF.tiff,0,110
23,10000_A_BF.tiff,0,115
24,10000_A_BF.tiff,0,120
25,10000_A_BF.tiff,0,125
26,10000_A_BF.tiff,0,130
27,10000_A_BF.tiff,0,135
28,10000_A_BF.tiff,0,140
29,10000_A_BF.tiff,0,145
30,10000_A_BF.tiff,0,150
31,10000_A_BF.tiff,0,155
32,10000_A_BF.tiff,0,160
33,10000_B_BF.tiff,1,0
34,10000_B_BF.tiff,1,5
35,10000_B_BF.tiff,1,10
36,10000_B_BF.tiff,1,15
37,10000_B_BF.tiff,1,20
38,10000_B_BF.tiff,1,25
39,10000_B_BF.tiff,1,30
40,10000_B_BF.tiff,1,35
41,10000_B_BF.tiff,1,40
42,10000_B_BF.tiff,1,45
43,10000_B_BF.tiff,1,50
44,10000_B_BF.tiff,1,55
45,10000_B_BF.tiff,1,60
46,10000_B_BF.tiff,1,65
47,10000_B_BF.tiff,1,70
48,10000_B_BF.tiff,1,75
49,10000_B_BF.tiff,1,80
50,10000_B_BF.tiff,1,85
51,10000_B_BF.tiff,1,90
52,10000_B_BF.tiff,1,95
53,10000_B_BF.tiff,1,100
54,10000_B_BF.tiff,1,105
55,10000_B_BF.tiff,1,110
56,10000_B_BF.tiff,1,115
57,10000_B_BF.tiff,1,120
58,10000_B_BF.tiff,1,125
59,10000_B_BF.tiff,1,130
60,10000_B_BF.tiff,1,135
61,10000_B_BF.tiff,1,140
62,10000_B_BF.tiff,1,145
63,10000_B_BF.tiff,1,150
64,10000_B_BF.tiff,1,155
65,10000_B_BF.tiff,1,160
66,10000_C_BF.tiff,2,0
67,10000_C_BF.tiff,2,5
68,10000_C_BF.tiff,2,10
69,10000_C_BF.tiff,2,15
70,10000_C_BF.tiff,2,20
71,10000_C_BF.tiff,2,25
72,10000_C_BF.tiff,2,30
73,10000_C_BF.tiff,2,35
74,10000_C_BF.tiff,2,40
75,10000_C_BF.tiff,2,45
76,10000_C_BF.tiff,2,50
77,10000_C_BF.tiff,2,55
78,10000_C_BF.tiff,2,60
79,10000_C_BF.tiff,2,65
80,10000_C_BF.tiff,2,70
81,10000_C_BF.tiff,2,75
82,10000_C_BF.tiff,2,80
83,10000_C_BF.tiff,2,85
84,10000_C_BF.tiff,2,90
85,10000_C_BF.tiff,2,95
86,10000_C_BF.tiff,2,100
87,10000_C_BF.tiff,2,105
88,10000_C_BF.tiff,2,110
89,10000_C_BF.tiff,2,115
90,10000_C_BF.tiff,2,120
91,10000_C_BF.tiff,2,125
92,10000_C_BF.tiff,2,130
93,10000_C_BF.tiff,2,135
94,10000_C_BF.tiff,2,140
95,10000_C_BF.tiff,2,145
96,10000_C_BF.tiff,2,150
97,10000_C_BF.tiff,2,155
98,10000_C_BF.tiff,2,160
99,1000_A_BF.tiff,3,0
100,1000_A_BF.tiff,3,5
101,1000_A_BF.tiff,3,10
102,1000_A_BF.tiff,3,15
103,1000_A_BF.tiff,3,20
104,1000_A_BF.tiff,3,25
105,1000_A_BF.tiff,3,30
106,1000_A_BF.tiff,3,35
107,1000_A_BF.tiff,3,40
108,1000_A_BF.tiff,3,45
109,1000_A_BF.tiff,3,50
110,1000_A_BF.tiff,3,55
111,1000_A_BF.tiff,3,60
112,1000_A_BF.tiff,3,65
113,1000_A_BF.tiff,3,70
114,1000_A_BF.tiff,3,75
115,1000_A_BF.tiff,3,80
116,1000_A_BF.tiff,3,85
117,1000_A_BF.tiff,3,90
118,1000_A_BF.tiff,3,95
119,1000_A_BF.tiff,3,100
120,1000_A_BF.tiff,3,105
121,1000_A_BF.tiff,3,110
122,1000_A_BF.tiff,3,115
123,1000_A_BF.tiff,3,120
124,1000_A_BF.tiff,3,125
125,1000_A_BF.tiff,3,130
126,1000_A_BF.tiff,3,135
127,1000_A_BF.tiff,3,140
128,1000_A_BF.tiff,3,145
129,1000_A_BF.tiff,3,150
130,1000_A_BF.tiff,3,155
131,1000_A_BF.tiff,3,160
132,1000_B_BF.tiff,4,0
133,1000_B_BF.tiff,4,5
134,1000_B_BF.tiff,4,10
135,1000_B_BF.tiff,4,15
136,1000_B_BF.tiff,4,20
137,1000_B_BF.tiff,4,25
138,1000_B_BF.tiff,4,30
139,1000_B_BF.tiff,4,35
140,1000_B_BF.tiff,4,40
141,1000_B_BF.tiff,4,45
142,1000_B_BF.tiff,4,50
143,1000_B_BF.tiff,4,55
144,1000_B_BF.tiff,4,60
145,1000_B_BF.tiff,4,65
146,1000_B_BF.tiff,4,70
147,1000_B_BF.tiff,4,75
148,1000_B_BF.tiff,4,80
149,1000_B_BF.tiff,4,85
150,1000_B_BF.tiff,4,90
151,1000_B_BF.tiff,4,95
152,1000_B_BF.tiff,4,100
153,1000_B_BF.tiff,4,105
154,1000_B_BF.tiff,4,110
155,1000_B_BF.tiff,4,115
156,1000_B_BF.tiff,4,120
157,1000_B_BF.tiff,4,125
158,1000_B_BF.tiff,4,130
159,1000_B_BF.tiff,4,135
160,1000_B_BF.tiff,4,140
161,1000_B_BF.tiff,4,145
162,1000_B_BF.tiff,4,150
163,1000_B_BF.tiff,4,155
164,1000_B_BF.tiff,4,160
165,1000_C_BF.tiff,5,0
166,1000_C_BF.tiff,5,5
167,1000_C_BF.tiff,5,10
168,1000_C_BF.tiff,5,15
169,1000_C_BF.tiff,5,20
170,1000_C_BF.tiff,5,25
171,1000_C_BF.tiff,5,30
172,1000_C_BF.tiff,5,35
173,1000_C_BF.tiff,5,40
174,1000_C_BF.tiff,5,45
175,1000_C_BF.tiff,5,50
176,1000_C_BF.tiff,5,55
177,1000_C_BF.tiff,5,60
178,1000_C_BF.tiff,5,65
179,1000_C_BF.tiff,5,70
180,1000_C_BF.tiff,5,75
181,1000_C_BF.tiff,5,80
182,1000_C_BF.tiff,5,85
183,1000_C_BF.tiff,5,90
184,1000_C_BF.tiff,5,95
185,1000_C_BF.tiff,5,100
186,1000_C_BF.tiff,5,105
187,1000_C_BF.tiff,5,110
188,1000_C_BF.tiff,5,115
189,1000_C_BF.tiff,5,120
190,1000_C_BF.tiff,5,125
191,1000_C_BF.tiff,5,130
192,1000_C_BF.tiff,5,135
193,1000_C_BF.tiff,5,140
194,1000_C_BF.tiff,5,145
195,1000_C_BF.tiff,5,150
196,1000_C_BF.tiff,5,155
197,1000_C_BF.tiff,5,160
198,160000_A_BF.tiff,6,0
199,160000_A_BF.tiff,6,5
200,160000_A_BF.tiff,6,10
201,160000_A_BF.tiff,6,15
202,160000_A_BF.tiff,6,20
203,160000_A_BF.tiff,6,25
204,160000_A_BF.tiff,6,30
205,160000_A_BF.tiff,6,35
206,160000_A_BF.tiff,6,40
207,160000_A_BF.tiff,6,45
208,160000_A_BF.tiff,6,50
209,160000_A_BF.tiff,6,55
210,160000_A_BF.tiff,6,60
211,160000_A_BF.tiff,6,65
212,160000_A_BF.tiff,6,70
213,160000_A_BF.tiff,6,75
214,160000_A_BF.tiff,6,80
215,160000_A_BF.tiff,6,85
216,160000_A_BF.tiff,6,90
217,160000_A_BF.tiff,6,95
218,160000_A_BF.tiff,6,100
219,160000_A_BF.tiff,6,105
220,160000_A_BF.tiff,6,110
221,160000_A_BF.tiff,6,115
222,160000_A_BF.tiff,6,120
223,160000_A_BF.tiff,6,125
224,160000_A_BF.tiff,6,130
225,160000_A_BF.tiff,6,135
226,160000_A_BF.tiff,6,140
227,160000_A_BF.tiff,6,145
228,160000_A_BF.tiff,6,150
229,160000_A_BF.tiff,6,155
230,160000_A_BF.tiff,6,160
231,160000_B_BF.tiff,7,0
232,160000_B_BF.tiff,7,5
233,160000_B_BF.tiff,7,10
234,160000_B_BF.tiff,7,15
235,160000_B_BF.tiff,7,20
236,160000_B_BF.tiff,7,25
237,160000_B_BF.tiff,7,30
238,160000_B_BF.tiff,7,35
239,160000_B_BF.tiff,7,40
240,160000_B_BF.tiff,7,45
241,160000_B_BF.tiff,7,50
242,160000_B_BF.tiff,7,55
243,160000_B_BF.tiff,7,60
244,160000_B_BF.tiff,7,65
245,160000_B_BF.tiff,7,70
246,160000_B_BF.tiff,7,75
247,160000_B_BF.tiff,7,80
248,160000_B_BF.tiff,7,85
249,160000_B_BF.tiff,7,90
250,160000_B_BF.tiff,7,95
251,160000_B_BF.tiff,7,100
252,160000_B_BF.tiff,7,105
253,160000_B_BF.tiff,7,110
254,160000_B_BF.tiff,7,115
255,160000_B_BF.tiff,7,120
256,160000_B_BF.tiff,7,125
257,160000_B_BF.tiff,7,130
258,160000_B_BF.tiff,7,135
259,160000_B_BF.tiff,7,140
260,160000_B_BF.tiff,7,145
261,160000_B_BF.tiff,7,150
262,160000_B_BF.tiff,7,155
263,160000_B_BF.tiff,7,160
264,160000_C_BF.tiff,8,0
265,160000_C_BF.tiff,8,5
266,160000_C_BF.tiff,8,10
267,160000_C_BF.tiff,8,15
268,160000_C_BF.tiff,8,20
269,160000_C_BF.tiff,8,25
270,160000_C_BF.tiff,8,30
271,160000_C_BF.tiff,8,35
272,160000_C_BF.tiff,8,40
273,160000_C_BF.tiff,8,45
274,160000_C_BF.tiff,8,50
275,160000_C_BF.tiff,8,55
276,160000_C_BF.tiff,8,60
277,160000_C_BF.tiff,8,65
278,160000_C_BF.tiff,8,70
279,160000_C_BF.tiff,8,75
280,160000_C_BF.tiff,8,80
281,160000_C_BF.tiff,8,85
282,160000_C_BF.tiff,8,90
283,160000_C_BF.tiff,8,95
284,160000_C_BF.tiff,8,100
285,160000_C_BF.tiff,8,105
286,160000_C_BF.tiff,8,110
287,160000_C_BF.tiff,8,115
288,160000_C_BF.tiff,8,120
289,160000_C_BF.tiff,8,125
290,160000_C_BF.tiff,8,130
291,160000_C_BF.tiff,8,135
292,160000_C_BF.tiff,8,140
293,160000_C_BF.tiff,8,145
294,160000_C_BF.tiff,8,150
295,160000_C_BF.tiff,8,155
296,160000_C_BF.tiff,8,160
297,20000_A_BF.tiff,9,0
298,20000_A_BF.tiff,9,5
299,20000_A_BF.tiff,9,10
300,20000_A_BF.tiff,9,15
301,20000_A_BF.tiff,9,20
302,20000_A_BF.tiff,9,25
303,20000_A_BF.tiff,9,30
304,20000_A_BF.tiff,9,35
305,20000_A_BF.tiff,9,40
306,20000_A_BF.tiff,9,45
307,20000_A_BF.tiff,9,50
308,20000_A_BF.tiff,9,55
309,20000_A_BF.tiff,9,60
310,20000_A_BF.tiff,9,65
311,20000_A_BF.tiff,9,70
312,20000_A_BF.tiff,9,75
313,20000_A_BF.tiff,9,80
314,20000_A_BF.tiff,9,85
315,20000_A_BF.tiff,9,90
316,20000_A_BF.tiff,9,95
317,20000_A_BF.tiff,9,100
318,20000_A_BF.tiff,9,105
319,20000_A_BF.tiff,9,110
320,20000_A_BF.tiff,9,115
321,20000_A_BF.tiff,9,120
322,20000_A_BF.tiff,9,125
323,20000_A_BF.tiff,9,130
324,20000_A_BF.tiff,9,135
325,20000_A_BF.tiff,9,140
326,20000_A_BF.tiff,9,145
327,20000_A_BF.tiff,9,150
328,20000_A_BF.tiff,9,155
329,20000_A_BF.tiff,9,160
330,20000_B_BF.tiff,10,0
331,20000_B_BF.tiff,10,5
332,20000_B_BF.tiff,10,10
333,20000_B_BF.tiff,10,15
334,20000_B_BF.tiff,10,20
335,20000_B_BF.tiff,10,25
336,20000_B_BF.tiff,10,30
337,20000_B_BF.tiff,10,35
338,20000_B_BF.tiff,10,40
339,20000_B_BF.tiff,10,45
340,20000_B_BF.tiff,10,50
341,20000_B_BF.tiff,10,55
342,20000_B_BF.tiff,10,60
343,20000_B_BF.tiff,10,65
344,20000_B_BF.tiff,10,70
345,20000_B_BF.tiff,10,75
346,20000_B_BF.tiff,10,80
347,20000_B_BF.tiff,10,85
348,20000_B_BF.tiff,10,90
349,20000_B_BF.tiff,10,95
350,20000_B_BF.tiff,10,100
351,20000_B_BF.tiff,10,105
352,20000_B_BF.tiff,10,110
353,20000_B_BF.tiff,10,115
354,20000_B_BF.tiff,10,120
355,20000_B_BF.tiff,10,125
356,20000_B_BF.tiff,10,130
357,20000_B_BF.tiff,10,135
358,20000_B_BF.tiff,10,140
359,20000_B_BF.tiff,10,145
360,20000_B_BF.tiff,10,150
361,20000_B_BF.tiff,10,155
362,20000_B_BF.tiff,10,160
363,20000_C_BF.tiff,11,0
364,20000_C_BF.tiff,11,5
365,20000_C_BF.tiff,11,10
366,20000_C_BF.tiff,11,15
367,20000_C_BF.tiff,11,20
368,20000_C_BF.tiff,11,25
369,20000_C_BF.tiff,11,30
370,20000_C_BF.tiff,11,35
371,20000_C_BF.tiff,11,40
372,20000_C_BF.tiff,11,45
373,20000_C_BF.tiff,11,50
374,20000_C_BF.tiff,11,55
375,20000_C_BF.tiff,11,60
376,20000_C_BF.tiff,11,65
377,20000_C_BF.tiff,11,70
378,20000_C_BF.tiff,11,75
379,20000_C_BF.tiff,11,80
380,20000_C_BF.tiff,11,85
381,20000_C_BF.tiff,11,90
382,20000_C_BF.tiff,11,95
383,20000_C_BF.tiff,11,100
384,20000_C_BF.tiff,11,105
385,20000_C_BF.tiff,11,110
386,20000_C_BF.tiff,11,115
387,20000_C_BF.tiff,11,120
388,20000_C_BF.tiff,11,125
389,20000_C_BF.tiff,11,130
390,20000_C_BF.tiff,11,135
391,20000_C_BF.tiff,11,140
392,20000_C_BF.tiff,11,145
393,20000_C_BF.tiff,11,150
394,20000_C_BF.tiff,11,155
395,20000_C_BF.tiff,11,160
396,2500_A_BF.tiff,12,0
397,2500_A_BF.tiff,12,5
398,2500_A_BF.tiff,12,10
399,2500_A_BF.tiff,12,15
400,2500_A_BF.tiff,12,20
401,2500_A_BF.tiff,12,25
402,2500_A_BF.tiff,12,30
403,2500_A_BF.tiff,12,35
404,2500_A_BF.tiff,12,40
405,2500_A_BF.tiff,12,45
406,2500_A_BF.tiff,12,50
407,2500_A_BF.tiff,12,55
408,2500_A_BF.tiff,12,60
409,2500_A_BF.tiff,12,65
410,2500_A_BF.tiff,12,70
411,2500_A_BF.tiff,12,75
412,2500_A_BF.tiff,12,80
413,2500_A_BF.tiff,12,85
414,2500_A_BF.tiff,12,90
415,2500_A_BF.tiff,12,95
416,2500_A_BF.tiff,12,100
417,2500_A_BF.tiff,12,105
418,2500_A_BF.tiff,12,110
419,2500_A_BF.tiff,12,115
420,2500_A_BF.tiff,12,120
421,2500_A_BF.tiff,12,125
422,2500_A_BF.tiff,12,130
423,2500_A_BF.tiff,12,135
424,2500_A_BF.tiff,12,140
425,2500_A_BF.tiff,12,145
426,2500_A_BF.tiff,12,150
427,2500_A_BF.tiff,12,155
428,2500_A_BF.tiff,12,160
429,2500_B_BF.tiff,13,0
430,2500_B_BF.tiff,13,5
431,2500_B_BF.tiff,13,10
432,2500_B_BF.tiff,13,15
433,2500_B_BF.tiff,13,20
434,2500_B_BF.tiff,13,25
435,2500_B_BF.tiff,13,30
436,2500_B_BF.tiff,13,35
437,2500_B_BF.tiff,13,40
438,2500_B_BF.tiff,13,45
439,2500_B_BF.tiff,13,50
440,2500_B_BF.tiff,13,55
441,2500_B_BF.tiff,13,60
442,2500_B_BF.tiff,13,65
443,2500_B_BF.tiff,13,70
444,2500_B_BF.tiff,13,75
445,2500_B_BF.tiff,13,80
446,2500_B_BF.tiff,13,85
447,2500_B_BF.tiff,13,90
448,2500_B_BF.tiff,13,95
449,2500_B_BF.tiff,13,100
450,2500_B_BF.tiff,13,105
451,2500_B_BF.tiff,13,110
452,2500_B_BF.tiff,13,115
453,2500_B_BF.tiff,13,120
454,2500_B_BF.tiff,13,125
455,2500_B_BF.tiff,13,130
456,2500_B_BF.tiff,13,135
457,2500_B_BF.tiff,13,140
458,2500_B_BF.tiff,13,145
459,2500_B_BF.tiff,13,150
460,2500_B_BF.tiff,13,155
461,2500_B_BF.tiff,13,160
462,2500_C_BF.tiff,14,0
463,2500_C_BF.tiff,14,5
464,2500_C_BF.tiff,14,10
465,2500_C_BF.tiff,14,15
466,2500_C_BF.tiff,14,20
467,2500_C_BF.tiff,14,25
468,2500_C_BF.tiff,14,30
469,2500_C_BF.tiff,14,35
470,2500_C_BF.tiff,14,40
471,2500_C_BF.tiff,14,45
472,2500_C_BF.tiff,14,50
473,2500_C_BF.tiff,14,55
474,2500_C_BF.tiff,14,60
475,2500_C_BF.tiff,14,65
476,2500_C_BF.tiff,14,70
477,2500_C_BF.tiff,14,75
478,2500_C_BF.tiff,14,80
479,2500_C_BF.tiff,14,85
480,2500_C_BF.tiff,14,90
481,2500_C_BF.tiff,14,95
482,2500_C_BF.tiff,14,100
483,2500_C_BF.tiff,14,105
484,2500_C_BF.tiff,14,110
485,2500_C_BF.tiff,14,115
486,2500_C_BF.tiff,14,120
487,2500_C_BF.tiff,14,125
488,2500_C_BF.tiff,14,130
489,2500_C_BF.tiff,14,135
490,2500_C_BF.tiff,14,140
491,2500_C_BF.tiff,14,145
492,2500_C_BF.tiff,14,150
493,2500_C_BF.tiff,14,155
494,2500_C_BF.tiff,14,160
495,40000_A_BF.tiff,15,0
496,40000_A_BF.tiff,15,5
497,40000_A_BF.tiff,15,10
498,40000_A_BF.tiff,15,15
499,40000_A_BF.tiff,15,20
500,40000_A_BF.tiff,15,25
501,40000_A_BF.tiff,15,30
502,40000_A_BF.tiff,15,35
503,40000_A_BF.tiff,15,40
504,40000_A_BF.tiff,15,45
505,40000_A_BF.tiff,15,50
506,40000_A_BF.tiff,15,55
507,40000_A_BF.tiff,15,60
508,40000_A_BF.tiff,15,65
509,40000_A_BF.tiff,15,70
510,40000_A_BF.tiff,15,75
511,40000_A_BF.tiff,15,80
512,40000_A_BF.tiff,15,85
513,40000_A_BF.tiff,15,90
514,40000_A_BF.tiff,15,95
515,40000_A_BF.tiff,15,100
516,40000_A_BF.tiff,15,105
517,40000_A_BF.tiff,15,110
518,40000_A_BF.tiff,15,115
519,40000_A_BF.tiff,15,120
520,40000_A_BF.tiff,15,125
521,40000_A_BF.tiff,15,130
522,40000_A_BF.tiff,15,135
523,40000_A_BF.tiff,15,140
524,40000_A_BF.tiff,15,145
525,40000_A_BF.tiff,15,150
526,40000_A_BF.tiff,15,155
527,40000_A_BF.tiff,15,160
528,40000_B_BF.tiff,16,0
529,40000_B_BF.tiff,16,5
530,40000_B_BF.tiff,16,10
531,40000_B_BF.tiff,16,15
532,40000_B_BF.tiff,16,20
533,40000_B_BF.tiff,16,25
534,40000_B_BF.tiff,16,30
535,40000_B_BF.tiff,16,35
536,40000_B_BF.tiff,16,40
537,40000_B_BF.tiff,16,45
538,40000_B_BF.tiff,16,50
539,40000_B_BF.tiff,16,55
540,40000_B_BF.tiff,16,60
541,40000_B_BF.tiff,16,65
542,40000_B_BF.tiff,16,70
543,40000_B_BF.tiff,16,75
544,40000_B_BF.tiff,16,80
545,40000_B_BF.tiff,16,85
546,40000_B_BF.tiff,16,90
547,40000_B_BF.tiff,16,95
548,40000_B_BF.tiff,16,100
549,40000_B_BF.tiff,16,105
550,40000_B_BF.tiff,16,110
551,40000_B_BF.tiff,16,115
552,40000_B_BF.tiff,16,120
553,40000_B_BF.tiff,16,125
554,40000_B_BF.tiff,16,130
555,40000_B_BF.tiff,16,135
556,40000_B_BF.tiff,16,140
557,40000_B_BF.tiff,16,145
558,40000_B_BF.tiff,16,150
559,40000_B_BF.tiff,16,155
560,40000_B_BF.tiff,16,160
561,40000_C_BF.tiff,17,0
562,40000_C_BF.tiff,17,5
563,40000_C_BF.tiff,17,10
564,40000_C_BF.tiff,17,15
565,40000_C_BF.tiff,17,20
566,40000_C_BF.tiff,17,25
567,40000_C_BF.tiff,17,30
568,40000_C_BF.tiff,17,35
569,40000_C_BF.tiff,17,40
570,40000_C_BF.tiff,17,45
571,40000_C_BF.tiff,17,50
572,40000_C_BF.tiff,17,55
573,40000_C_BF.tiff,17,60
574,40000_C_BF.tiff,17,65
575,40000_C_BF.tiff,17,70
576,40000_C_BF.tiff,17,75
577,40000_C_BF.tiff,17,80
578,40000_C_BF.tiff,17,85
579,40000_C_BF.tiff,17,90
580,40000_C_BF.tiff,17,95
581,40000_C_BF.tiff,17,100
582,40000_C_BF.tiff,17,105
583,40000_C_BF.tiff,17,110
584,40000_C_BF.tiff,17,115
585,40000_C_BF.tiff,17,120
586,40000_C_BF.tiff,17,125
587,40000_C_BF.tiff,17,130
588,40000_C_BF.tiff,17,135
589,40000_C_BF.tiff,17,140
590,40000_C_BF.tiff,17,145
591,40000_C_BF.tiff,17,150
592,40000_C_BF.tiff,17,155
593,40000_C_BF.tiff,17,160
594,5000_A_BF.tiff,18,0
595,5000_A_BF.tiff,18,5
596,5000_A_BF.tiff,18,10
597,5000_A_BF.tiff,18,15
598,5000_A_BF.tiff,18,20
599,5000_A_BF.tiff,18,25
600,5000_A_BF.tiff,18,30
601,5000_A_BF.tiff,18,35
602,5000_A_BF.tiff,18,40
603,5000_A_BF.tiff,18,45
604,5000_A_BF.tiff,18,50
605,5000_A_BF.tiff,18,55
606,5000_A_BF.tiff,18,60
607,5000_A_BF.tiff,18,65
608,5000_A_BF.tiff,18,70
609,5000_A_BF.tiff,18,75
610,5000_A_BF.tiff,18,80
611,5000_A_BF.tiff,18,85
612,5000_A_BF.tiff,18,90
613,5000_A_BF.tiff,18,95
614,5000_A_BF.tiff,18,100
615,5000_A_BF.tiff,18,105
616,5000_A_BF.tiff,18,110
617,5000_A_BF.tiff,18,115
618,5000_A_BF.tiff,18,120
619,5000_A_BF.tiff,18,125
620,5000_A_BF.tiff,18,130
621,5000_A_BF.tiff,18,135
622,5000_A_BF.tiff,18,140
623,5000_A_BF.tiff,18,145
624,5000_A_BF.tiff,18,150
625,5000_A_BF.tiff,18,155
626,5000_A_BF.tiff,18,160
627,5000_B_BF.tiff,19,0
628,5000_B_BF.tiff,19,5
629,5000_B_BF.tiff,19,10
630,5000_B_BF.tiff,19,15
631,5000_B_BF.tiff,19,20
632,5000_B_BF.tiff,19,25
633,5000_B_BF.tiff,19,30
634,5000_B_BF.tiff,19,35
635,5000_B_BF.tiff,19,40
636,5000_B_BF.tiff,19,45
637,5000_B_BF.tiff,19,50
638,5000_B_BF.tiff,19,55
639,5000_B_BF.tiff,19,60
640,5000_B_BF.tiff,19,65
641,5000_B_BF.tiff,19,70
642,5000_B_BF.tiff,19,75
643,5000_B_BF.tiff,19,80
644,5000_B_BF.tiff,19,85
645,5000_B_BF.tiff,19,90
646,5000_B_BF.tiff,19,95
647,5000_B_BF.tiff,19,100
648,5000_B_BF.tiff,19,105
649,5000_B_BF.tiff,19,110
650,5000_B_BF.tiff,19,115
651,5000_B_BF.tiff,19,120
652,5000_B_BF.tiff,19,125
653,5000_B_BF.tiff,19,130
654,5000_B_BF.tiff,19,135
655,5000_B_BF.tiff,19,140
656,5000_B_BF.tiff,19,145
657,5000_B_BF.tiff,19,150
658,5000_B_BF.tiff,19,155
659,5000_B_BF.tiff,19,160
660,5000_C_BF.tiff,20,0
661,5000_C_BF.tiff,20,5
662,5000_C_BF.tiff,20,10
663,5000_C_BF.tiff,20,15
664,5000_C_BF.tiff,20,20
665,5000_C_BF.tiff,20,25
666,5000_C_BF.tiff,20,30
667,5000_C_BF.tiff,20,35
668,5000_C_BF.tiff,20,40
669,5000_C_BF.tiff,20,45
670,5000_C_BF.tiff,20,50
671,5000_C_BF.tiff,20,55
672,5000_C_BF.tiff,20,60
673,5000_C_BF.tiff,20,65
674,5000_C_BF.tiff,20,70
675,5000_C_BF.tiff,20,75
676,5000_C_BF.tiff,20,80
677,5000_C_BF.tiff,20,85
678,5000_C_BF.tiff,20,90
679,5000_C_BF.tiff,20,95
680,5000_C_BF.tiff,20,100
681,5000_C_BF.tiff,20,105
682,5000_C_BF.tiff,20,110
683,5000_C_BF.tiff,20,115
684,5000_C_BF.tiff,20,120
685,5000_C_BF.tiff,20,125
686,5000_C_BF.tiff,20,130
687,5000_C_BF.tiff,20,135
688,5000_C_BF.tiff,20,140
689,5000_C_BF.tiff,20,145
690,5000_C_BF.tiff,20,150
691,5000_C_BF.tiff,20,155
692,5000_C_BF.tiff,20,160
693,80000_A_BF.tiff,21,0
694,80000_A_BF.tiff,21,5
695,80000_A_BF.tiff,21,10
696,80000_A_BF.tiff,21,15
697,80000_A_BF.tiff,21,20
698,80000_A_BF.tiff,21,25
699,80000_A_BF.tiff,21,30
700,80000_A_BF.tiff,21,35
701,80000_A_BF.tiff,21,40
702,80000_A_BF.tiff,21,45
703,80000_A_BF.tiff,21,50
704,80000_A_BF.tiff,21,55
705,80000_A_BF.tiff,21,60
706,80000_A_BF.tiff,21,65
707,80000_A_BF.tiff,21,70
708,80000_A_BF.tiff,21,75
709,80000_A_BF.tiff,21,80
710,80000_A_BF.tiff,21,85
711,80000_A_BF.tiff,21,90
712,80000_A_BF.tiff,21,95
713,80000_A_BF.tiff,21,100
714,80000_A_BF.tiff,21,105
715,80000_A_BF.tiff,21,110
716,80000_A_BF.tiff,21,115
717,80000_A_BF.tiff,21,120
718,80000_A_BF.tiff,21,125
719,80000_A_BF.tiff,21,130
720,80000_A_BF.tiff,21,135
721,80000_A_BF.tiff,21,140
722,80000_A_BF.tiff,21,145
723,80000_A_BF.tiff,21,150
724,80000_A_BF.tiff,21,155
725,80000_A_BF.tiff,21,160
726,80000_B_BF.tiff,22,0
727,80000_B_BF.tiff,22,5
728,80000_B_BF.tiff,22,10
729,80000_B_BF.tiff,22,15
730,80000_B_BF.tiff,22,20
731,80000_B_BF.tiff,22,25
732,80000_B_BF.tiff,22,30
733,80000_B_BF.tiff,22,35
734,80000_B_BF.tiff,22,40
735,80000_B_BF.tiff,22,45
736,80000_B_BF.tiff,22,50
737,80000_B_BF.tiff,22,55
738,80000_B_BF.tiff,22,60
739,80000_B_BF.tiff,22,65
740,80000_B_BF.tiff,22,70
741,80000_B_BF.tiff,22,75
742,80000_B_BF.tiff,22,80
743,80000_B_BF.tiff,22,85
744,80000_B_BF.tiff,22,90
745,80000_B_BF.tiff,22,95
746,80000_B_BF.tiff,22,100
747,80000_B_BF.tiff,22,105
748,80000_B_BF.tiff,22,110
749,80000_B_BF.tiff,22,115
750,80000_B_BF.tiff,22,120
751,80000_B_BF.tiff,22,125
752,80000_B_BF.tiff,22,130
753,80000_B_BF.tiff,22,135
754,80000_B_BF.tiff,22,140
755,80000_B_BF.tiff,22,145
756,80000_B_BF.tiff,22,150
757,80000_B_BF.tiff,22,155
758,80000_B_BF.tiff,22,160
759,80000_C_BF.tiff,23,0
760,80000_C_BF.tiff,23,5
761,80000_C_BF.tiff,23,10
762,80000_C_BF.tiff,23,15
763,80000_C_BF.tiff,23,20
764,80000_C_BF.tiff,23,25
765,80000_C_BF.tiff,23,30
766,80000_C_BF.tiff,23,35
767,80000_C_BF.tiff,23,40
768,80000_C_BF.tiff,23,45
769,80000_C_BF.tiff,23,50
770,80000_C_BF.tiff,23,55
771,80000_C_BF.tiff,23,60
772,80000_C_BF.tiff,23,65
773,80000_C_BF.tiff,23,70
774,80000_C_BF.tiff,23,75
775,80000_C_BF.tiff,23,80
776,80000_C_BF.tiff,23,85
777,80000_C_BF.tiff,23,90
778,80000_C_BF.tiff,23,95
779,80000_C_BF.tiff,23,100
780,80000_C_BF.tiff,23,105
781,80000_C_BF.tiff,23,110
782,80000_C_BF.tiff,23,115
783,80000_C_BF.tiff,23,120
784,80000_C_BF.tiff,23,125
785,80000_C_BF.tiff,23,130
786,80000_C_BF.tiff,23,135
787,80000_C_BF.tiff,23,140
788,80000_C_BF.tiff,23,145
789,80000_C_BF.tiff,23,150
790,80000_C_BF.tiff,23,155
791,80000_C_BF.tiff,23,160
